order_id,rider_id,rider_age,rider_ratings,restaurant_latitude,restaurant_longitude,delivery_location_latitude,delivery_location_longitude,order_date,time_ordered,time_picked,weather,traffic,vehicle_condition,order_type,vehicle,multiple_deliveries,festival,area_type,delivery_min,time_to_pick,month,hour,peak_flag
0x8b39,VADRES01DEL01,24.0,2.6,22.307898,73.167788,22.417898,73.277788,2022-04-06,1900-01-01 22:35:00,1900-01-01 22:50:00,Sunny,Low,1,Drinks,motorcycle,1.0,Yes,Metropolitian,42,15,4,22.0,0
0x5fd4,SURRES04DEL01,23.0,2.5,21.173493,72.801953,21.283493,72.911953,2022-03-20,1900-01-01 23:50:00,,Sunny,Low,1,Buffet,motorcycle,1.0,No,Metropolitian,34,-153722867280912928,3,23.0,0
0xc714,BHPRES14DEL03,29.0,2.5,0.0,0.0,0.09,0.09,2022-02-18,1900-01-01 22:55:00,1900-01-01 23:05:00,Sunny,Low,2,Drinks,scooter,1.0,Yes,Metropolitian,41,10,2,22.0,0
0x2daf,HYDRES05DEL02,20.0,2.5,17.433809,78.386744,17.563809,78.516744,2022-03-18,1900-01-01 23:55:00,,Sunny,Low,1,Snack,scooter,1.0,No,Metropolitian,43,-153722867280912928,3,23.0,0
0xe247,LUDHRES20DEL01,23.0,2.6,30.885915,75.788259,30.995915,75.898259,2022-02-12,1900-01-01 23:25:00,1900-01-01 23:40:00,Sunny,Low,1,Drinks,scooter,1.0,No,Metropolitian,43,15,2,23.0,0
0x4c59,JAPRES15DEL01,25.0,2.7,26.891191,75.802083,27.001191,75.912083,2022-03-10,1900-01-01 23:55:00,,Sunny,Low,1,Snack,motorcycle,0.0,No,Metropolitian,37,-153722867280912928,3,23.0,0
0x4bfb,RANCHIRES09DEL02,24.0,2.6,23.351058,85.325731,23.481058,85.455731,2022-03-27,1900-01-01 23:25:00,1900-01-01 23:35:00,Sunny,Low,1,Drinks,scooter,1.0,No,Metropolitian,36,10,3,23.0,0
0x761f,CHENRES03DEL01,29.0,2.5,13.091809,80.219104,13.201809,80.329104,2022-03-25,1900-01-01 22:40:00,1900-01-01 22:55:00,Sunny,Low,1,Snack,motorcycle,2.0,No,Metropolitian,35,15,3,22.0,0
0x77bb,PUNERES01DEL02,29.0,2.5,18.569156,73.774723,18.699156,73.904723,2022-03-20,1900-01-01 22:25:00,1900-01-01 22:35:00,Sunny,Low,2,Meal,scooter,1.0,No,Metropolitian,44,10,3,22.0,0
0x236b,BANGRES13DEL01,20.0,2.7,12.935662,77.61413,13.005662,77.68413,2022-03-20,1900-01-01 23:25:00,1900-01-01 23:35:00,Sunny,Low,1,Meal,motorcycle,1.0,No,Metropolitian,40,10,3,23.0,0
0xbe36,SURRES07DEL01,25.0,2.7,21.170798,72.790489,21.240798,72.860489,2022-04-06,1900-01-01 22:15:00,1900-01-01 22:30:00,Sunny,Low,2,Drinks,motorcycle,1.0,No,Metropolitian,31,15,4,22.0,0
0xcb6f,GOARES03DEL02,22.0,2.6,15.574828,73.766883,15.654828,73.846883,2022-02-18,1900-01-01 23:10:00,1900-01-01 23:15:00,Sunny,Low,1,Meal,scooter,1.0,No,Metropolitian,41,5,2,23.0,0
0x2442,BANGRES05DEL03,21.0,2.6,12.970324,77.645748,13.060324,77.735748,2022-04-02,1900-01-01 23:15:00,1900-01-01 23:20:00,Sunny,Low,1,Drinks,motorcycle,1.0,No,Metropolitian,38,5,4,23.0,0
0x94cc,CHENRES16DEL02,20.0,2.7,13.049645,80.242268,13.179645,80.372268,2022-04-04,1900-01-01 22:30:00,1900-01-01 22:35:00,Sunny,Low,1,Meal,scooter,2.0,No,Metropolitian,39,5,4,22.0,0
0x2b98,MUMRES20DEL01,21.0,2.8,19.103249,72.846749,19.173249,72.916749,2022-04-04,1900-01-01 23:40:00,1900-01-01 23:45:00,Sunny,Low,2,Meal,electric_scooter,1.0,No,Metropolitian,35,5,4,23.0,0
0xdc3b,LUDHRES03DEL01,23.0,2.8,30.88722,75.804893,30.95722,75.874893,2022-02-16,1900-01-01 22:30:00,1900-01-01 22:40:00,Sunny,Low,2,Snack,motorcycle,1.0,No,Metropolitian,31,10,2,22.0,0
0x90f3,MUMRES16DEL02,29.0,2.9,19.120083,72.907385,19.250083,73.037385,2022-03-18,1900-01-01 23:55:00,,Sunny,Low,2,Meal,motorcycle,2.0,No,Metropolitian,43,-153722867280912928,3,23.0,0
0xc6a1,KNPRES14DEL03,20.0,2.9,26.463504,80.372929,26.603504,80.512929,2022-02-18,1900-01-01 23:30:00,1900-01-01 23:40:00,Sunny,Low,2,Snack,scooter,1.0,No,Metropolitian,34,10,2,23.0,0
0xb0d,SURRES08DEL01,24.0,2.9,21.173343,72.792731,21.243343,72.862731,2022-03-10,1900-01-01 22:20:00,1900-01-01 22:25:00,Sunny,Low,1,Meal,scooter,1.0,No,Metropolitian,36,5,3,22.0,0
0xb100,BANGRES010DEL03,23.0,2.5,12.933298,77.614293,13.023298,77.704293,2022-03-16,1900-01-01 23:25:00,1900-01-01 23:35:00,Sunny,Low,2,Buffet,scooter,1.0,No,Urban,36,10,3,23.0,0
0x7db2,HYDRES06DEL01,33.0,3.0,17.455894,78.375467,17.565894,78.485467,2022-03-12,1900-01-01 22:35:00,1900-01-01 22:45:00,Sunny,Low,0,Buffet,motorcycle,2.0,No,Urban,34,10,3,22.0,0
0x7208,PUNERES17DEL01,21.0,2.6,18.530963,73.828972,18.640963,73.938972,2022-03-02,1900-01-01 23:40:00,1900-01-01 23:45:00,Sunny,Low,1,Snack,scooter,0.0,No,Metropolitian,39,5,3,23.0,0
0x8793,VADRES06DEL03,29.0,2.7,22.31279,73.170283,22.40279,73.260283,2022-03-29,1900-01-01 22:35:00,1900-01-01 22:50:00,Sunny,Low,2,Buffet,motorcycle,1.0,No,Urban,32,15,3,22.0,0
0x2d52,RANCHIRES16DEL01,22.0,2.5,23.371292,85.327872,23.441292,85.397872,2022-03-02,1900-01-01 22:15:00,1900-01-01 22:25:00,Sunny,Low,2,Buffet,motorcycle,1.0,No,Metropolitian,35,10,3,22.0,0
0xc95,MYSRES18DEL02,20.0,2.6,12.337928,76.617889,12.467928,76.747889,2022-03-27,1900-01-01 23:15:00,1900-01-01 23:30:00,Sunny,Low,1,Drinks,scooter,1.0,No,Metropolitian,43,15,3,23.0,0
0x3624,PUNERES20DEL01,27.0,2.7,18.592718,73.773572,18.702718,73.883572,2022-03-10,1900-01-01 22:45:00,1900-01-01 22:50:00,Sunny,Low,1,Meal,motorcycle,0.0,No,Urban,38,5,3,22.0,0
0xe136,LUDHRES19DEL01,24.0,2.9,30.902872,75.826808,30.972872,75.896808,2022-02-18,1900-01-01 23:35:00,1900-01-01 23:40:00,Sunny,Low,1,Snack,motorcycle,1.0,No,Metropolitian,43,5,2,23.0,0
0xb96d,RANCHIRES12DEL01,27.0,2.7,0.0,0.0,0.11,0.11,2022-04-06,1900-01-01 23:10:00,1900-01-01 23:20:00,Sunny,Low,1,Meal,scooter,1.0,No,Metropolitian,31,10,4,23.0,0
0x8ad8,PUNERES03DEL02,23.0,2.9,18.554382,73.798206,18.634382,73.878206,2022-03-16,1900-01-01 23:55:00,,Sunny,Low,1,Drinks,scooter,1.0,No,Metropolitian,41,-153722867280912928,3,23.0,0
0x12db,CHENRES11DEL01,27.0,2.5,13.064181,80.236442,13.174181,80.346442,2022-03-23,,1900-01-01 23:10:00,Sunny,Low,1,Meal,scooter,0.0,No,Metropolitian,39,-153722867280912928,3,,0
0x7f47,MUMRES15DEL01,21.0,2.8,19.176269,72.836721,19.246269,72.906721,2022-03-16,1900-01-01 22:25:00,1900-01-01 22:35:00,Sunny,Low,2,Buffet,electric_scooter,2.0,No,Metropolitian,35,10,3,22.0,0
0xcc13,AGRRES13DEL02,20.0,2.6,27.159795,78.04299,27.239795,78.12299,2022-02-16,1900-01-01 23:40:00,1900-01-01 23:45:00,Sunny,Low,1,Drinks,motorcycle,1.0,No,Metropolitian,43,5,2,23.0,0
0x6a55,HYDRES06DEL01,26.0,2.8,17.455894,78.375467,17.565894,78.485467,2022-03-23,1900-01-01 23:30:00,1900-01-01 23:45:00,Sunny,Low,2,Meal,electric_scooter,0.0,No,Metropolitian,39,15,3,23.0,0
0x3173,BANGRES02DEL03,27.0,2.7,12.970221,77.645396,13.060221,77.735396,2022-03-18,1900-01-01 23:40:00,1900-01-01 23:50:00,Sunny,Low,2,Drinks,scooter,1.0,No,Metropolitian,33,10,3,23.0,0
0x9703,CHENRES18DEL01,29.0,2.7,12.981615,80.231598,13.091615,80.341598,2022-03-27,1900-01-01 22:40:00,1900-01-01 22:50:00,Sunny,Low,1,Meal,scooter,1.0,No,Metropolitian,36,10,3,22.0,0
0x8835,COIMBRES20DEL01,30.0,3.0,10.994136,76.963303,11.104136,77.073303,2022-03-08,1900-01-01 22:10:00,1900-01-01 22:25:00,Sunny,Low,0,Drinks,motorcycle,1.0,No,Metropolitian,34,15,3,22.0,0
0x123d,PUNERES08DEL01,29.0,2.5,18.53408,73.89852,18.64408,74.00852,2022-03-08,1900-01-01 23:30:00,1900-01-01 23:40:00,Sunny,Low,1,Snack,motorcycle,0.0,No,Metropolitian,34,10,3,23.0,0
0x3db3,PUNERES18DEL02,24.0,2.8,18.593481,73.785901,18.673481,73.865901,2022-03-04,1900-01-01 22:15:00,1900-01-01 22:30:00,Sunny,Low,2,Snack,scooter,2.0,No,Urban,43,15,3,22.0,0
0xc996,GOARES14DEL03,25.0,2.9,15.157944,73.950889,15.247944,74.040889,2022-02-14,1900-01-01 23:50:00,,Sunny,Low,1,Buffet,scooter,1.0,No,Urban,36,-153722867280912928,2,23.0,0
0x7931,BANGRES19DEL03,33.0,3.0,12.914264,77.6784,13.004264,77.7684,2022-03-16,1900-01-01 22:55:00,,Sunny,Low,0,Snack,motorcycle,1.0,No,Metropolitian,32,-153722867280912928,3,22.0,0
0x7d93,CHENRES11DEL03,26.0,2.7,13.064181,80.236442,13.154181,80.326442,2022-03-20,1900-01-01 22:30:00,1900-01-01 22:35:00,Sunny,Low,2,Snack,scooter,0.0,No,Metropolitian,32,5,3,22.0,0
0x55f7,JAPRES03DEL03,25.0,2.5,26.913483,75.803139,27.053483,75.943139,2022-03-31,1900-01-01 23:55:00,,Sunny,Low,2,Meal,scooter,0.0,No,Metropolitian,35,-153722867280912928,3,23.0,0
0x53e1,MUMRES13DEL01,21.0,2.9,19.178321,72.834715,19.288321,72.944715,2022-03-06,1900-01-01 23:30:00,1900-01-01 23:40:00,Sunny,Low,1,Drinks,scooter,0.0,No,Metropolitian,40,10,3,23.0,0
0xccf7,KNPRES04DEL01,26.0,2.7,26.471529,80.313458,26.541529,80.383458,2022-02-18,,1900-01-01 23:10:00,Sunny,Low,1,Drinks,motorcycle,1.0,No,Metropolitian,31,-153722867280912928,2,,0
0xc258,BHPRES18DEL02,21.0,2.7,23.234631,77.401663,23.314631,77.481663,2022-02-16,1900-01-01 22:30:00,1900-01-01 22:35:00,Sunny,Low,1,Snack,motorcycle,1.0,No,Metropolitian,41,5,2,22.0,0
0x40f0,MUMRES14DEL01,29.0,2.6,19.1813,72.836191,19.2513,72.906191,2022-03-29,1900-01-01 22:40:00,1900-01-01 22:55:00,Sunny,Low,1,Drinks,scooter,1.0,No,Metropolitian,34,15,3,22.0,0
0x68b1,COIMBRES20DEL03,29.0,2.8,10.994136,76.963303,11.084136,77.053303,2022-03-06,1900-01-01 22:30:00,1900-01-01 22:45:00,Sunny,Low,2,Meal,scooter,1.0,No,Metropolitian,31,15,3,22.0,0
0x5216,JAPRES05DEL03,22.0,2.8,26.905287,75.794592,26.995287,75.884592,2022-03-25,1900-01-01 22:10:00,1900-01-01 22:25:00,Sunny,Low,2,Snack,electric_scooter,1.0,No,Metropolitian,37,15,3,22.0,0
0xcaff,GOARES17DEL01,29.0,2.8,15.496162,73.825364,15.606162,73.935364,2022-02-12,1900-01-01 22:35:00,1900-01-01 22:45:00,Sunny,Low,2,Meal,scooter,1.0,Yes,Metropolitian,39,10,2,22.0,0
0x4958,COIMBRES04DEL02,25.0,2.6,11.024839,77.007003,11.154839,77.137003,2022-03-14,1900-01-01 22:50:00,1900-01-01 22:55:00,Sunny,Low,2,Buffet,scooter,1.0,No,Metropolitian,34,5,3,22.0,0
0x10f3,SURRES02DEL02,21.0,2.6,21.186608,72.794136,21.316608,72.924136,2022-03-31,1900-01-01 23:35:00,1900-01-01 23:45:00,Sunny,Low,1,Snack,motorcycle,0.0,No,Metropolitian,37,10,3,23.0,0
0x75a7,INDORES06DEL01,21.0,2.5,22.728163,75.884212,22.798163,75.954212,2022-03-18,1900-01-01 22:50:00,,Sunny,Low,2,Meal,scooter,1.0,No,Metropolitian,42,-153722867280912928,3,22.0,0
0xc301,DEHRES20DEL01,27.0,2.5,0.0,0.0,0.07,0.07,2022-02-14,,1900-01-01 23:15:00,Sunny,Low,1,Drinks,motorcycle,2.0,No,Metropolitian,44,-153722867280912928,2,,0
0x67c8,VADRES07DEL02,25.0,2.8,0.0,0.0,0.13,0.13,2022-03-06,1900-01-01 22:50:00,,Sunny,Low,2,Buffet,electric_scooter,1.0,No,Metropolitian,34,-153722867280912928,3,22.0,0
0x88d9,HYDRES06DEL01,28.0,2.6,17.455894,78.375467,17.525894,78.445467,2022-04-04,1900-01-01 23:10:00,1900-01-01 23:20:00,Sunny,Low,2,Buffet,electric_scooter,1.0,No,Metropolitian,41,10,4,23.0,0
0x1526,MYSRES12DEL02,28.0,2.8,12.284747,76.625861,12.364747,76.705861,2022-03-14,1900-01-01 23:45:00,1900-01-01 23:50:00,Sunny,Low,2,Meal,electric_scooter,1.0,No,Metropolitian,35,5,3,23.0,0
0xba81,BANGRES01DEL01,22.0,2.6,12.933284,77.615428,13.003284,77.685428,2022-03-18,,1900-01-01 23:15:00,Sunny,Low,1,Buffet,scooter,2.0,No,Metropolitian,44,-153722867280912928,3,,0
0x8a12,JAPRES05DEL01,28.0,2.5,26.905287,75.794592,27.015287,75.904592,2022-03-14,1900-01-01 22:25:00,1900-01-01 22:40:00,Sunny,Low,2,Snack,scooter,1.0,Yes,Urban,43,15,3,22.0,0
0x3b06,JAPRES15DEL02,24.0,2.7,26.891191,75.802083,27.021191,75.932083,2022-03-25,1900-01-01 22:20:00,1900-01-01 22:25:00,Sunny,Low,2,Meal,scooter,1.0,No,Metropolitian,31,5,3,22.0,0
0x8e29,BANGRES07DEL03,34.0,3.0,12.978453,77.643685,13.068453,77.733685,2022-04-04,1900-01-01 23:25:00,1900-01-01 23:40:00,Sunny,Low,0,Snack,motorcycle,0.0,No,Metropolitian,32,15,4,23.0,0
0x5ea3,PUNERES18DEL02,22.0,2.6,18.593481,73.785901,18.723481,73.915901,2022-03-10,1900-01-01 22:10:00,1900-01-01 22:15:00,Sunny,Low,2,Snack,scooter,1.0,No,Metropolitian,44,5,3,22.0,0
0xae15,PUNERES13DEL02,27.0,2.8,18.56245,73.916619,18.64245,73.996619,2022-03-23,1900-01-01 23:50:00,,Sunny,Low,2,Drinks,motorcycle,1.0,No,Metropolitian,34,-153722867280912928,3,23.0,0
0x552a,RANCHIRES02DEL02,22.0,2.9,0.0,0.0,0.13,0.13,2022-03-04,1900-01-01 23:20:00,1900-01-01 23:25:00,Sunny,Low,2,Buffet,motorcycle,1.0,No,Metropolitian,44,5,3,23.0,0
0xefb,INDORES15DEL01,21.0,2.9,22.760072,75.892574,22.830072,75.962574,2022-03-14,1900-01-01 23:35:00,1900-01-01 23:50:00,Sunny,Low,1,Buffet,scooter,0.0,No,Metropolitian,40,15,3,23.0,0
0x275f,BANGRES010DEL01,25.0,2.5,12.933298,77.614293,13.003298,77.684293,2022-04-04,,1900-01-01 23:10:00,Sunny,Low,1,Drinks,scooter,0.0,No,Metropolitian,34,-153722867280912928,4,,0
0x87e6,PUNERES13DEL03,26.0,2.9,18.56245,73.916619,18.65245,74.006619,2022-04-06,1900-01-01 22:35:00,1900-01-01 22:40:00,Sunny,Low,1,Drinks,scooter,2.0,No,Urban,39,5,4,22.0,0
0x34c1,COIMBRES13DEL02,39.0,3.0,11.003669,76.976494,11.133669,77.106494,2022-03-12,1900-01-01 23:10:00,1900-01-01 23:20:00,Sunny,Low,0,Buffet,motorcycle,1.0,No,Metropolitian,31,10,3,23.0,0
0x1835,CHENRES13DEL01,20.0,2.5,13.027018,80.254791,13.137018,80.364791,2022-03-08,1900-01-01 23:20:00,1900-01-01 23:30:00,Sunny,Low,2,Snack,scooter,0.0,No,Metropolitian,31,10,3,23.0,0
0x27fd,COIMBRES11DEL01,23.0,2.5,11.001753,76.986241,11.071753,77.056241,2022-03-08,1900-01-01 23:55:00,,Sunny,Low,2,Drinks,scooter,1.0,No,Metropolitian,35,-153722867280912928,3,23.0,0
0x843e,COIMBRES18DEL02,27.0,2.9,11.02091,76.940432,11.10091,77.020432,2022-04-02,1900-01-01 23:35:00,1900-01-01 23:40:00,Sunny,Low,1,Snack,scooter,1.0,No,Metropolitian,43,5,4,23.0,0
0xb695,COIMBRES01DEL02,29.0,2.8,11.016298,76.972076,11.146298,77.102076,2022-04-04,1900-01-01 22:30:00,1900-01-01 22:35:00,Sunny,Low,1,Buffet,motorcycle,1.0,No,Metropolitian,37,5,4,22.0,0
0x5f28,VADRES09DEL01,25.0,2.8,0.0,0.0,0.07,0.07,2022-03-14,1900-01-01 23:15:00,1900-01-01 23:30:00,Sunny,Low,1,Buffet,motorcycle,1.0,No,Metropolitian,41,15,3,23.0,0
0xc218,DEHRES19DEL03,22.0,2.7,30.372202,78.077151,30.462202,78.167151,2022-02-18,1900-01-01 23:30:00,1900-01-01 23:40:00,Sunny,Low,2,Snack,motorcycle,1.0,No,Metropolitian,39,10,2,23.0,0
0xd05a,LUDHRES11DEL02,29.0,2.7,30.893081,75.821495,30.973081,75.901495,2022-02-18,1900-01-01 23:45:00,1900-01-01 23:50:00,Sunny,Low,2,Drinks,scooter,2.0,No,Metropolitian,38,5,2,23.0,0
0x64f2,HYDRES08DEL02,26.0,2.8,17.438263,78.397865,17.568263,78.527865,2022-04-02,1900-01-01 22:45:00,1900-01-01 22:50:00,Sunny,Low,2,Buffet,motorcycle,0.0,No,Metropolitian,43,5,4,22.0,0
0x7aab,SURRES07DEL02,20.0,2.6,21.170798,72.790489,21.250798,72.870489,2022-04-02,,1900-01-01 23:10:00,Sunny,Low,2,Snack,scooter,1.0,No,Urban,34,-153722867280912928,4,,0
0x638f,BANGRES18DEL01,21.0,2.5,12.913041,77.683237,12.983041,77.753237,2022-03-04,1900-01-01 22:25:00,1900-01-01 22:35:00,Sunny,Low,2,Meal,motorcycle,1.0,No,Metropolitian,42,10,3,22.0,0
0x5ef8,JAPRES11DEL01,25.0,2.9,26.90294,75.793007,26.97294,75.863007,2022-04-06,1900-01-01 22:15:00,1900-01-01 22:25:00,Sunny,Low,2,Buffet,scooter,2.0,No,Metropolitian,40,10,4,22.0,0
0x65b0,BANGRES02DEL01,20.0,2.6,12.970221,77.645396,13.080221,77.755396,2022-03-27,1900-01-01 22:25:00,1900-01-01 22:35:00,Sunny,Low,1,Snack,scooter,1.0,No,Metropolitian,32,10,3,22.0,0
0x64ed,MUMRES13DEL03,24.0,2.8,19.178321,72.834715,19.268321,72.924715,2022-03-18,1900-01-01 22:20:00,1900-01-01 22:35:00,Sunny,Low,2,Meal,scooter,1.0,No,Metropolitian,31,15,3,22.0,0
0x9de4,VADRES11DEL03,21.0,2.5,22.308096,73.167753,22.398096,73.257753,2022-04-06,1900-01-01 23:40:00,1900-01-01 23:50:00,Sunny,Low,2,Meal,motorcycle,1.0,No,Urban,31,10,4,23.0,0
0x81ac,PUNERES010DEL02,22.0,2.7,18.539299,73.897902,18.669299,74.027902,2022-03-10,1900-01-01 23:55:00,,Sunny,Low,1,Snack,scooter,2.0,No,Metropolitian,43,-153722867280912928,3,23.0,0
0x1b45,JAPRES12DEL01,20.0,2.8,26.902908,75.792934,27.012908,75.902934,2022-03-29,1900-01-01 22:55:00,,Sunny,Low,1,Drinks,scooter,2.0,No,Urban,39,-153722867280912928,3,22.0,0
0x66a8,INDORES04DEL03,26.0,2.8,22.753659,75.903365,22.843659,75.993365,2022-03-23,1900-01-01 23:20:00,1900-01-01 23:25:00,Sunny,Low,2,Meal,scooter,1.0,No,Metropolitian,38,5,3,23.0,0
0x7ca3,MYSRES08DEL01,29.0,2.9,12.297954,76.665169,12.367954,76.735169,2022-03-12,1900-01-01 22:40:00,1900-01-01 22:45:00,Sunny,Low,2,Drinks,electric_scooter,1.0,No,Metropolitian,32,5,3,22.0,0
0x8e53,PUNERES01DEL01,28.0,2.6,18.569156,73.774723,18.679156,73.884723,2022-03-23,1900-01-01 23:35:00,1900-01-01 23:40:00,Sunny,Low,2,Buffet,electric_scooter,1.0,No,Metropolitian,34,5,3,23.0,0
0xa578,PUNERES02DEL01,26.0,2.5,18.55144,73.804855,18.62144,73.874855,2022-03-14,1900-01-01 22:15:00,1900-01-01 22:25:00,Sunny,Low,2,Drinks,electric_scooter,1.0,No,Metropolitian,36,10,3,22.0,0
0x9ad6,MUMRES03DEL03,29.0,2.9,19.22384,72.841347,19.31384,72.931347,2022-03-29,1900-01-01 22:30:00,1900-01-01 22:35:00,Sunny,Low,1,Buffet,motorcycle,0.0,No,Metropolitian,38,5,3,22.0,0
0x6e09,JAPRES11DEL03,24.0,2.6,26.90294,75.793007,26.99294,75.883007,2022-03-12,1900-01-01 22:25:00,1900-01-01 22:35:00,Sunny,Low,1,Drinks,scooter,1.0,Yes,Metropolitian,43,10,3,22.0,0
0x6a78,PUNERES09DEL02,21.0,2.6,18.536562,73.896485,18.616562,73.976485,2022-03-25,1900-01-01 23:55:00,,Sunny,Low,1,Drinks,scooter,1.0,No,Metropolitian,43,-153722867280912928,3,23.0,0
0x6d3a,SURRES16DEL01,26.0,2.7,21.160437,72.774209,21.230437,72.844209,2022-03-25,1900-01-01 23:50:00,,Sunny,Low,1,Meal,scooter,1.0,No,Metropolitian,39,-153722867280912928,3,23.0,0
0x97b9,HYDRES06DEL01,23.0,2.5,17.455894,78.375467,17.525894,78.445467,2022-03-31,1900-01-01 23:10:00,1900-01-01 23:25:00,Sunny,Low,2,Drinks,electric_scooter,1.0,No,Urban,32,15,3,23.0,0
0xd44f,BHPRES06DEL03,25.0,2.9,23.232357,77.429989,23.322357,77.519989,2022-02-14,1900-01-01 23:10:00,1900-01-01 23:15:00,Sunny,Low,2,Snack,scooter,1.0,No,Urban,38,5,2,23.0,0
0x59c0,MUMRES19DEL02,21.0,2.7,19.131141,72.813074,19.26114,72.943074,2022-04-06,1900-01-01 23:20:00,1900-01-01 23:25:00,Sunny,Low,1,Snack,scooter,0.0,No,Metropolitian,35,5,4,23.0,0
0x7abe,RANCHIRES02DEL02,29.0,2.6,0.0,0.0,0.08,0.08,2022-03-20,1900-01-01 23:45:00,1900-01-01 23:55:00,Sunny,Low,2,Snack,electric_scooter,2.0,No,Metropolitian,39,10,3,23.0,0
0x2b1d,MYSRES13DEL02,25.0,2.9,12.310972,76.659264,12.440972,76.789264,2022-03-12,1900-01-01 23:15:00,1900-01-01 23:30:00,Sunny,Low,2,Snack,electric_scooter,1.0,No,Urban,31,15,3,23.0,0
0x7c97,COIMBRES03DEL02,24.0,2.8,11.025083,77.015393,11.105083,77.095393,2022-03-18,1900-01-01 22:55:00,1900-01-01 23:05:00,Sunny,Low,2,Buffet,scooter,1.0,No,Metropolitian,42,10,3,22.0,0
0x170c,COIMBRES010DEL03,27.0,2.9,11.003008,76.97544,11.093008,77.06544,2022-03-04,1900-01-01 22:25:00,1900-01-01 22:30:00,Sunny,Low,2,Drinks,motorcycle,2.0,Yes,Metropolitian,42,5,3,22.0,0
0xde9d,LUDHRES08DEL01,36.0,3.0,30.899992,75.831338,31.009992,75.941338,2022-02-14,1900-01-01 22:40:00,1900-01-01 22:50:00,Sunny,Low,0,Meal,motorcycle,2.0,No,Metropolitian,33,10,2,22.0,0
0x3744,PUNERES17DEL01,25.0,2.9,18.530963,73.828972,18.600963,73.898972,2022-03-23,1900-01-01 22:10:00,1900-01-01 22:25:00,Sunny,Low,1,Meal,scooter,1.0,No,Metropolitian,39,15,3,22.0,0
0x2702,RANCHIRES04DEL03,22.0,2.7,23.359033,85.325347,23.449033,85.415347,2022-03-16,1900-01-01 23:55:00,,Sunny,Low,1,Buffet,motorcycle,1.0,No,Metropolitian,32,-153722867280912928,3,23.0,0
0xd6b0,DEHRES12DEL02,21.0,2.6,0.0,0.0,0.08,0.08,2022-02-16,1900-01-01 23:30:00,1900-01-01 23:35:00,Sunny,Low,2,Snack,motorcycle,1.0,No,Metropolitian,34,5,2,23.0,0
0x71fd,SURRES20DEL01,28.0,2.7,21.15276,72.778059,21.26276,72.888059,2022-03-04,1900-01-01 22:20:00,1900-01-01 22:30:00,Sunny,Low,1,Meal,scooter,1.0,No,Metropolitian,35,10,3,22.0,0
0x6c66,JAPRES12DEL03,22.0,2.9,26.902908,75.792934,26.992908,75.882934,2022-04-02,1900-01-01 22:50:00,,Sunny,Low,2,Drinks,scooter,1.0,No,Metropolitian,33,-153722867280912928,4,22.0,0
0xa26b,BANGRES12DEL01,25.0,2.7,12.939496,77.625999,13.009496,77.695999,2022-03-18,1900-01-01 23:35:00,1900-01-01 23:45:00,Sunny,Low,1,Snack,motorcycle,2.0,No,Metropolitian,39,10,3,23.0,0
0x4bda,HYDRES17DEL02,35.0,5.0,17.451976,78.385883,17.471976,78.405883,2022-04-01,1900-01-01 09:45:00,1900-01-01 09:55:00,Sunny,Low,2,Snack,scooter,1.0,No,Urban,11,10,4,9.0,0
0x97e3,MYSRES16DEL02,29.0,5.0,12.316967,76.603067,12.366967,76.653067,2022-04-01,1900-01-01 22:20:00,1900-01-01 22:25:00,Sunny,Low,0,Drinks,motorcycle,0.0,No,Metropolitian,18,5,4,22.0,0
0x9098,MUMRES19DEL03,20.0,5.0,19.131141,72.813074,19.19114,72.873074,2022-03-15,1900-01-01 23:15:00,1900-01-01 23:20:00,Sunny,Low,1,Drinks,scooter,0.0,No,Metropolitian,17,5,3,23.0,0
0xbb43,RANCHIRES20DEL01,29.0,5.0,23.39925,85.390464,23.40925,85.400464,2022-03-07,1900-01-01 10:20:00,1900-01-01 10:35:00,Sunny,Low,1,Buffet,motorcycle,0.0,No,Metropolitian,21,15,3,10.0,0
0x9566,SURRES08DEL03,28.0,5.0,21.173343,72.792731,21.203343,72.822731,2022-04-01,1900-01-01 23:45:00,,Sunny,Low,2,Buffet,motorcycle,0.0,No,Urban,15,-153722867280912928,4,23.0,0
0xbe82,VADRES07DEL02,34.0,5.0,0.0,0.0,0.05,0.05,2022-04-05,1900-01-01 22:20:00,1900-01-01 22:30:00,Sunny,Low,2,Buffet,scooter,1.0,No,Metropolitian,19,10,4,22.0,0
0x9eec,BANGRES09DEL03,32.0,5.0,12.934179,77.615797,12.994179,77.675797,2022-03-26,1900-01-01 23:35:00,1900-01-01 23:50:00,Sunny,Low,2,Drinks,motorcycle,1.0,No,Metropolitian,16,15,3,23.0,0
0xcf05,AGRRES15DEL03,24.0,5.0,0.0,0.0,0.03,0.03,2022-02-13,1900-01-01 23:45:00,1900-01-01 23:50:00,Sunny,Low,0,Snack,motorcycle,1.0,No,Metropolitian,19,5,2,23.0,0
0x44a4,CHENRES04DEL01,28.0,5.0,13.02978,80.208812,13.03978,80.218812,2022-03-21,1900-01-01 08:35:00,1900-01-01 08:50:00,Sunny,Low,2,Meal,scooter,1.0,No,Metropolitian,24,15,3,8.0,0
0x8546,COIMBRES06DEL01,34.0,5.0,11.021278,76.995017,11.031278,77.005017,2022-04-05,1900-01-01 09:25:00,1900-01-01 09:35:00,Sunny,Low,1,Meal,scooter,0.0,No,Urban,18,10,4,9.0,0
0xcb4a,KNPRES03DEL02,35.0,5.0,26.469003,80.316344,26.489003,80.336344,2022-02-15,,1900-01-01 09:15:00,Sunny,Low,2,Snack,scooter,0.0,No,Metropolitian,11,-153722867280912928,2,,0
0xa3bf,JAPRES18DEL03,24.0,5.0,26.913987,75.752891,26.943987,75.782891,2022-03-09,1900-01-01 22:40:00,1900-01-01 22:50:00,Sunny,Low,2,Snack,scooter,1.0,No,Metropolitian,20,10,3,22.0,0
0xb2d0,MUMRES03DEL02,25.0,5.0,19.22384,72.841347,19.24384,72.861347,2022-03-09,1900-01-01 09:40:00,1900-01-01 09:50:00,Sunny,Low,0,Drinks,motorcycle,1.0,No,Metropolitian,13,10,3,9.0,0
0xa0ab,HYDRES01DEL02,30.0,5.0,17.410371,78.437225,17.460371,78.487225,2022-04-01,1900-01-01 22:50:00,1900-01-01 23:05:00,Sunny,Low,1,Meal,scooter,0.0,No,Metropolitian,10,15,4,22.0,0
0xc928,AURGRES010DEL01,20.0,5.0,19.875337,75.316722,19.885337,75.326722,2022-02-17,1900-01-01 10:25:00,1900-01-01 10:35:00,Sunny,Low,0,Buffet,motorcycle,0.0,No,Urban,14,10,2,10.0,0
0x4516,BANGRES01DEL02,38.0,5.0,12.933284,77.615428,12.953284,77.635428,2022-04-03,1900-01-01 10:35:00,1900-01-01 10:45:00,Sunny,Low,0,Buffet,motorcycle,1.0,No,Metropolitian,29,10,4,10.0,0
0x4a62,HYDRES13DEL01,39.0,5.0,17.431477,78.40035,17.441477,78.41035,2022-03-30,,1900-01-01 11:10:00,Sunny,Low,1,Drinks,scooter,0.0,No,Metropolitian,15,-153722867280912928,3,,0
0x7ae0,VADRES12DEL01,34.0,5.0,0.0,0.0,0.07,0.07,2022-03-04,1900-01-01 23:30:00,1900-01-01 23:45:00,Sunny,Low,0,Snack,motorcycle,1.0,No,Metropolitian,23,15,3,23.0,0
0x2fb7,MYSRES04DEL01,27.0,5.0,12.3085,76.665808,12.3185,76.675808,2022-03-19,1900-01-01 09:50:00,1900-01-01 09:55:00,Sunny,Low,2,Snack,scooter,0.0,No,Metropolitian,18,5,3,9.0,0
0xc3c4,ALHRES18DEL03,21.0,5.0,25.450317,81.831681,25.510317,81.891681,2022-02-15,1900-01-01 22:50:00,1900-01-01 23:05:00,Sunny,Low,0,Buffet,motorcycle,0.0,No,Metropolitian,15,15,2,22.0,0
0xb1e1,JAPRES05DEL01,27.0,5.0,26.905287,75.794592,26.915287,75.804592,2022-03-05,1900-01-01 09:25:00,1900-01-01 09:30:00,Sunny,Low,1,Drinks,scooter,0.0,No,Metropolitian,21,5,3,9.0,0
0x65a5,BANGRES11DEL01,39.0,5.0,12.934365,77.616155,12.944365,77.626155,2022-03-11,1900-01-01 09:25:00,1900-01-01 09:40:00,Sunny,Low,2,Snack,scooter,1.0,No,Urban,18,15,3,9.0,0
0x82cf,PUNERES09DEL02,24.0,5.0,18.536562,73.896485,18.556562,73.916485,2022-03-30,1900-01-01 08:55:00,1900-01-01 09:05:00,Sunny,Low,2,Drinks,scooter,1.0,No,Metropolitian,22,10,3,8.0,0
0x6afc,VADRES07DEL02,20.0,5.0,0.0,0.0,0.02,0.02,2022-03-26,1900-01-01 09:45:00,1900-01-01 09:50:00,Sunny,Low,1,Buffet,motorcycle,1.0,No,Metropolitian,17,5,3,9.0,0
0x7e2f,RANCHIRES17DEL01,31.0,5.0,23.374878,85.335739,23.384878,85.345739,2022-03-09,1900-01-01 10:45:00,1900-01-01 10:55:00,Sunny,Low,1,Drinks,scooter,1.0,No,Urban,13,10,3,10.0,0
0x8ec8,MYSRES06DEL02,21.0,5.0,12.323994,76.626167,12.343994,76.646167,2022-03-01,1900-01-01 08:45:00,,Sunny,Low,1,Buffet,scooter,1.0,No,Metropolitian,24,-153722867280912928,3,8.0,0
0xc8cf,LUDHRES13DEL01,20.0,5.0,30.893234,75.82172,30.903234,75.83172,2022-02-11,1900-01-01 10:25:00,1900-01-01 10:30:00,Sunny,Low,1,Drinks,motorcycle,0.0,No,Metropolitian,23,5,2,10.0,0
0x8504,RANCHIRES04DEL02,20.0,5.0,23.359033,85.325347,23.379033,85.345347,2022-03-26,1900-01-01 08:40:00,1900-01-01 08:50:00,Sunny,Low,1,Snack,motorcycle,0.0,No,Metropolitian,16,10,3,8.0,0
0x7fbe,BANGRES05DEL03,31.0,5.0,12.970324,77.645748,13.060324,77.735748,2022-03-20,1900-01-01 22:20:00,1900-01-01 22:25:00,Sunny,Low,0,Meal,motorcycle,0.0,No,Metropolitian,25,5,3,22.0,0
0xbea4,PUNERES07DEL02,34.0,5.0,18.546947,73.900626,18.676947,74.030626,2022-03-06,1900-01-01 23:20:00,1900-01-01 23:35:00,Sunny,Low,2,Snack,scooter,0.0,No,Metropolitian,22,15,3,23.0,0
0xc7c1,KOLRES06DEL03,26.0,5.0,22.533662,88.366217,22.563662,88.396217,2022-02-13,1900-01-01 22:30:00,1900-01-01 22:40:00,Sunny,Low,1,Buffet,motorcycle,0.0,No,Metropolitian,19,10,2,22.0,0
0xc1ef,DEHRES06DEL01,25.0,5.0,30.361281,78.068022,30.371281,78.078022,2022-02-17,1900-01-01 08:45:00,1900-01-01 08:55:00,Sunny,Low,2,Buffet,scooter,1.0,No,Metropolitian,16,10,2,8.0,0
0xaf40,JAPRES14DEL02,33.0,5.0,26.88842,75.800689,27.01842,75.930689,2022-03-18,1900-01-01 23:30:00,1900-01-01 23:45:00,Sunny,Low,2,Drinks,electric_scooter,1.0,No,Metropolitian,16,15,3,23.0,0
0x62db,PUNERES04DEL01,21.0,5.0,18.51421,73.838429,18.52421,73.848429,2022-03-26,1900-01-01 08:20:00,1900-01-01 08:25:00,Sunny,Low,2,Meal,scooter,0.0,No,Metropolitian,15,5,3,8.0,0
0x6506,SURRES12DEL02,29.0,5.0,21.183434,72.814492,21.233434,72.864492,2022-03-24,1900-01-01 22:20:00,1900-01-01 22:35:00,Sunny,Low,2,Drinks,electric_scooter,0.0,No,Urban,24,15,3,22.0,0
0x590c,COIMBRES20DEL01,39.0,5.0,10.994136,76.963303,11.004136,76.973303,2022-04-01,1900-01-01 08:30:00,1900-01-01 08:45:00,Sunny,Low,1,Meal,scooter,0.0,No,Metropolitian,18,15,4,8.0,0
0xc45d,DEHRES01DEL02,29.0,5.0,0.0,0.0,0.05,0.05,2022-02-13,1900-01-01 23:50:00,1900-01-01 23:55:00,Sunny,Low,1,Snack,scooter,0.0,No,Metropolitian,15,5,2,23.0,0
0x918,HYDRES12DEL01,26.0,5.0,17.429585,78.392621,17.539585,78.502621,2022-03-12,1900-01-01 22:35:00,1900-01-01 22:40:00,Sunny,Low,1,Buffet,motorcycle,0.0,No,Metropolitian,26,5,3,22.0,0
0xd811,DEHRES17DEL01,37.0,5.0,30.327968,78.046106,30.337968,78.056106,2022-02-13,1900-01-01 10:55:00,1900-01-01 11:05:00,Sunny,Low,1,Snack,motorcycle,1.0,No,Metropolitian,16,10,2,10.0,0
0xc70f,ALHRES13DEL02,28.0,5.0,25.451646,81.832796,25.531646,81.912796,2022-02-16,1900-01-01 22:40:00,1900-01-01 22:55:00,Sunny,Low,2,Snack,scooter,1.0,No,Metropolitian,26,15,2,22.0,0
0xc624,BHPRES12DEL01,38.0,5.0,0.0,0.0,0.01,0.01,2022-02-17,,1900-01-01 10:05:00,Sunny,Low,2,Drinks,motorcycle,0.0,No,Urban,19,-153722867280912928,2,,0
0x15a9,CHENRES06DEL02,38.0,5.0,13.054347,80.257221,13.074347,80.277221,2022-04-03,1900-01-01 10:55:00,1900-01-01 11:05:00,Sunny,Low,2,Buffet,scooter,0.0,No,Urban,16,10,4,10.0,0
0xd292,ALHRES17DEL02,20.0,5.0,25.45235,81.841889,25.53235,81.921889,2022-02-16,1900-01-01 23:10:00,1900-01-01 23:20:00,Sunny,Low,2,Meal,motorcycle,0.0,No,Metropolitian,27,10,2,23.0,0
0x2b4f,SURRES17DEL02,21.0,5.0,21.149569,72.772697,21.169569,72.792697,2022-03-01,1900-01-01 10:45:00,,Sunny,Low,2,Snack,motorcycle,1.0,No,Metropolitian,15,-153722867280912928,3,10.0,0
0xa813,COIMBRES18DEL02,31.0,5.0,11.02091,76.940432,11.04091,76.960432,2022-03-24,1900-01-01 08:55:00,1900-01-01 09:05:00,Sunny,Low,0,Meal,motorcycle,1.0,No,Metropolitian,26,10,3,8.0,0
0x1a7d,HYDRES20DEL02,21.0,5.0,17.483216,78.552111,17.503216,78.572111,2022-04-03,1900-01-01 10:15:00,1900-01-01 10:20:00,Sunny,Low,0,Buffet,motorcycle,1.0,No,Urban,13,5,4,10.0,0
0x82af,JAPRES17DEL01,32.0,5.0,26.892312,75.806896,26.902313,75.816896,2022-03-30,1900-01-01 08:40:00,1900-01-01 08:45:00,Sunny,Low,2,Meal,electric_scooter,0.0,No,Metropolitian,10,5,3,8.0,0
0x33e0,CHENRES01DEL02,35.0,5.0,13.005801,80.250744,13.085801,80.330744,2022-03-06,1900-01-01 23:20:00,1900-01-01 23:25:00,Sunny,Low,2,Snack,scooter,1.0,No,Urban,20,5,3,23.0,0
0xabc3,PUNERES07DEL03,37.0,5.0,18.546947,73.900626,18.636947,73.990626,2022-04-04,1900-01-01 23:25:00,1900-01-01 23:35:00,Sunny,Low,2,Snack,electric_scooter,1.0,No,Metropolitian,16,10,4,23.0,0
0x8d3e,BANGRES03DEL01,22.0,5.0,12.979166,77.640709,12.989166,77.650709,2022-03-15,1900-01-01 10:35:00,1900-01-01 10:45:00,Sunny,Low,1,Buffet,scooter,1.0,No,Metropolitian,17,10,3,10.0,0
0xa60b,MYSRES20DEL02,29.0,5.0,12.337978,76.616792,12.467978,76.746792,2022-03-08,1900-01-01 22:15:00,1900-01-01 22:25:00,Sunny,Low,0,Meal,motorcycle,1.0,No,Urban,23,10,3,22.0,0
0xda14,DEHRES010DEL03,21.0,5.0,30.328174,78.049117,30.358174,78.079117,2022-02-15,1900-01-01 23:40:00,1900-01-01 23:45:00,Sunny,Low,2,Drinks,scooter,1.0,No,Metropolitian,17,5,2,23.0,0
0x3c00,CHENRES07DEL02,35.0,5.0,13.081878,80.248519,13.101878,80.268519,2022-03-30,1900-01-01 08:50:00,1900-01-01 09:05:00,Sunny,Low,1,Snack,motorcycle,1.0,No,Metropolitian,17,15,3,8.0,0
0x8074,MYSRES01DEL02,39.0,5.0,12.311072,76.654878,12.361072,76.704878,2022-03-15,1900-01-01 23:30:00,1900-01-01 23:35:00,Sunny,Low,2,Buffet,scooter,0.0,No,Urban,11,5,3,23.0,0
0xc077,BHPRES18DEL02,37.0,5.0,-23.234631,77.401663,23.254631,77.421663,2022-02-15,1900-01-01 08:40:00,1900-01-01 08:45:00,Sunny,Low,1,Meal,motorcycle,1.0,No,Metropolitian,16,5,2,8.0,0
0xc06e,BHPRES15DEL02,36.0,5.0,-23.234249,77.434007,23.254249,77.454007,2022-02-13,1900-01-01 09:30:00,1900-01-01 09:35:00,Sunny,Low,2,Meal,scooter,1.0,No,Metropolitian,10,5,2,9.0,0
0x119d,INDORES010DEL03,37.0,5.0,22.75004,75.902847,22.81004,75.962847,2022-03-30,1900-01-01 22:30:00,1900-01-01 22:35:00,Sunny,Low,1,Meal,scooter,1.0,No,Metropolitian,19,5,3,22.0,0
0x6376,COIMBRES11DEL01,24.0,5.0,11.001753,76.986241,11.011753,76.996241,2022-03-24,1900-01-01 10:45:00,1900-01-01 10:50:00,Sunny,Low,2,Meal,motorcycle,1.0,No,Metropolitian,17,5,3,10.0,0
0x4072,HYDRES07DEL02,38.0,5.0,17.424114,78.347554,17.444114,78.367554,2022-03-13,1900-01-01 08:25:00,1900-01-01 08:30:00,Sunny,Low,1,Snack,motorcycle,1.0,No,Urban,12,5,3,8.0,0
0x776d,BANGRES18DEL02,32.0,5.0,12.913041,77.683237,12.933041,77.703237,2022-03-30,1900-01-01 09:10:00,1900-01-01 09:25:00,Sunny,Low,2,Meal,motorcycle,1.0,No,Metropolitian,14,15,3,9.0,0
0x2e8a,COIMBRES14DEL01,23.0,5.0,11.003681,76.975525,11.013681,76.985525,2022-03-13,1900-01-01 09:40:00,1900-01-01 09:45:00,Sunny,Low,1,Snack,scooter,1.0,No,Metropolitian,23,5,3,9.0,0
0x6e97,HYDRES17DEL02,38.0,5.0,17.451976,78.385883,17.501976,78.435883,2022-03-26,1900-01-01 22:25:00,1900-01-01 22:30:00,Sunny,Low,2,Snack,scooter,0.0,No,Metropolitian,10,5,3,22.0,0
0x48f9,HYDRES11DEL02,27.0,5.0,17.430448,78.418213,17.450448,78.438213,2022-03-24,1900-01-01 08:40:00,1900-01-01 08:50:00,Sunny,Low,1,Snack,scooter,0.0,No,Urban,21,10,3,8.0,0
0x44e5,SURRES09DEL01,27.0,5.0,21.175975,72.795503,21.245975,72.865503,2022-03-08,1900-01-01 23:15:00,1900-01-01 23:25:00,Sunny,Low,2,Meal,motorcycle,1.0,No,Metropolitian,28,10,3,23.0,0
0xd6e2,AGRRES17DEL01,38.0,5.0,27.157772,78.04725,27.167772,78.05725,2022-02-15,1900-01-01 10:45:00,1900-01-01 10:55:00,Sunny,Low,0,Meal,motorcycle,0.0,No,Metropolitian,27,10,2,10.0,0
0x3e81,PUNERES19DEL02,29.0,5.0,18.563934,73.915367,18.643935,73.995367,2022-03-08,1900-01-01 23:20:00,1900-01-01 23:35:00,Sunny,Low,0,Meal,motorcycle,1.0,No,Urban,26,15,3,23.0,0
0x5f8e,CHENRES05DEL01,36.0,5.0,13.058616,80.264151,13.068616,80.274151,2022-03-24,1900-01-01 08:40:00,1900-01-01 08:50:00,Sunny,Low,1,Drinks,motorcycle,0.0,No,Metropolitian,13,10,3,8.0,0
0x7173,INDORES08DEL03,29.0,5.0,22.725748,75.898497,22.785747,75.958497,2022-03-01,,1900-01-01 23:15:00,Sunny,Low,2,Snack,scooter,0.0,No,Metropolitian,22,-153722867280912928,3,,0
0xad69,RANCHIRES18DEL03,25.0,5.0,23.351489,85.324253,23.381489,85.354253,2022-03-26,1900-01-01 23:10:00,1900-01-01 23:15:00,Sunny,Low,1,Drinks,motorcycle,1.0,No,Metropolitian,21,5,3,23.0,0
0xa5c8,RANCHIRES19DEL03,30.0,5.0,23.333017,85.3172,23.363017,85.3472,2022-03-13,1900-01-01 23:35:00,1900-01-01 23:40:00,Sunny,Low,0,Drinks,motorcycle,1.0,No,Metropolitian,23,5,3,23.0,0
0xc743,DEHRES010DEL03,26.0,5.0,30.328174,78.049117,30.418174,78.139117,2022-02-14,1900-01-01 23:35:00,1900-01-01 23:40:00,Sunny,Low,0,Buffet,motorcycle,1.0,No,Urban,28,5,2,23.0,0
0x9560,PUNERES19DEL01,33.0,5.0,18.563934,73.915367,18.673935,74.025367,2022-03-10,1900-01-01 23:20:00,1900-01-01 23:25:00,Sunny,Low,1,Meal,scooter,0.0,No,Urban,19,5,3,23.0,0
0x2906,JAPRES13DEL03,21.0,5.0,26.846156,75.8023,26.876156,75.8323,2022-03-01,1900-01-01 22:35:00,1900-01-01 22:45:00,Sunny,Low,0,Snack,motorcycle,0.0,No,Metropolitian,11,10,3,22.0,0
0x9706,MYSRES14DEL02,20.0,5.0,0.0,0.0,0.02,0.02,2022-04-03,1900-01-01 08:45:00,1900-01-01 08:50:00,Sunny,Low,1,Drinks,scooter,0.0,No,Metropolitian,23,5,4,8.0,0
0xa825,BANGRES12DEL02,25.0,5.0,12.939496,77.625999,13.019496,77.705999,2022-03-08,1900-01-01 23:50:00,,Sunny,Low,2,Meal,electric_scooter,0.0,No,Urban,27,-153722867280912928,3,23.0,0
0x367f,COIMBRES07DEL02,23.0,5.0,10.96185,76.971082,11.01185,77.021082,2022-03-26,1900-01-01 22:35:00,1900-01-01 22:45:00,Sunny,Low,2,Meal,scooter,1.0,No,Urban,24,10,3,22.0,0
0x6254,RANCHIRES01DEL03,32.0,5.0,23.416792,85.316842,23.476792,85.376842,2022-04-03,1900-01-01 23:50:00,,Sunny,Low,2,Snack,motorcycle,1.0,No,Metropolitian,18,-153722867280912928,4,23.0,0
0x6056,HYDRES02DEL02,28.0,5.0,17.41233,78.449654,17.43233,78.469654,2022-03-30,1900-01-01 08:20:00,1900-01-01 08:25:00,Sunny,Low,1,Buffet,motorcycle,0.0,No,Metropolitian,15,5,3,8.0,0
0x33b4,INDORES09DEL03,38.0,5.0,22.725835,75.887648,22.815835,75.977648,2022-03-02,1900-01-01 23:55:00,,Sunny,Low,0,Snack,motorcycle,1.0,No,Metropolitian,26,-153722867280912928,3,23.0,0
0xdd4c,BHPRES11DEL02,33.0,5.0,23.233219,77.433571,23.283219,77.483571,2022-02-13,1900-01-01 23:30:00,1900-01-01 23:45:00,Sunny,Low,2,Snack,scooter,1.0,No,Metropolitian,12,15,2,23.0,0
0x58fc,BANGRES16DEL02,36.0,5.0,13.029198,77.570997,13.079198,77.620997,2022-03-24,1900-01-01 22:30:00,1900-01-01 22:35:00,Sunny,Low,1,Meal,motorcycle,1.0,No,Metropolitian,12,5,3,22.0,0
0xc0c3,ALHRES11DEL01,38.0,5.0,0.0,0.0,0.01,0.01,2022-02-17,1900-01-01 09:20:00,1900-01-01 09:30:00,Sunny,Low,0,Meal,motorcycle,0.0,No,Metropolitian,22,10,2,9.0,0
0x1000,HYDRES03DEL02,30.0,5.0,17.422819,78.449578,17.502819,78.529578,2022-03-06,1900-01-01 22:55:00,1900-01-01 23:10:00,Sunny,Low,1,Snack,scooter,1.0,No,Urban,24,15,3,22.0,0
0xdfef,AGRRES19DEL02,30.0,5.0,0.0,0.0,0.02,0.02,2022-02-13,1900-01-01 08:50:00,,Sunny,Low,1,Drinks,scooter,0.0,No,Metropolitian,14,-153722867280912928,2,8.0,0
0x1a47,RANCHIRES17DEL02,23.0,5.0,23.374878,85.335739,23.394878,85.355739,2022-03-11,1900-01-01 09:40:00,1900-01-01 09:55:00,Sunny,Low,2,Buffet,motorcycle,0.0,No,Metropolitian,19,15,3,9.0,0
0xa3fb,VADRES13DEL02,31.0,5.0,22.310237,73.158921,22.440237,73.288921,2022-04-04,1900-01-01 22:40:00,1900-01-01 22:50:00,Sunny,Low,1,Buffet,scooter,0.0,No,Metropolitian,16,10,4,22.0,0
0x39d8,CHENRES18DEL01,24.0,5.0,12.981615,80.231598,12.991615,80.241598,2022-03-19,1900-01-01 09:15:00,1900-01-01 09:30:00,Sunny,Low,1,Drinks,motorcycle,0.0,No,Metropolitian,21,15,3,9.0,0
0x3b33,SURRES20DEL01,33.0,5.0,21.15276,72.778059,21.16276,72.788059,2022-03-28,1900-01-01 09:55:00,1900-01-01 10:10:00,Sunny,Low,2,Meal,scooter,0.0,No,Urban,11,15,3,9.0,0
0xa589,JAPRES13DEL02,33.0,5.0,26.846156,75.8023,26.866156,75.8223,2022-04-03,1900-01-01 08:55:00,1900-01-01 09:05:00,Sunny,Low,0,Meal,motorcycle,1.0,No,Metropolitian,29,10,4,8.0,0
0x9c38,JAPRES15DEL02,27.0,5.0,26.891191,75.802083,26.911191,75.822083,2022-04-01,,1900-01-01 10:15:00,Sunny,Low,2,Meal,electric_scooter,0.0,No,Metropolitian,19,-153722867280912928,4,,0
0x6842,MYSRES03DEL02,20.0,5.0,12.299524,76.64262,12.349524,76.69262,2022-03-21,1900-01-01 22:35:00,1900-01-01 22:40:00,Sunny,Low,1,Drinks,scooter,1.0,No,Urban,21,5,3,22.0,0
0x4abc,MUMRES16DEL02,24.0,5.0,19.120083,72.907385,19.140083,72.927385,2022-03-21,,1900-01-01 10:05:00,Sunny,Low,0,Meal,motorcycle,1.0,No,Urban,16,-153722867280912928,3,,0
0x8630,MUMRES14DEL01,33.0,5.0,19.1813,72.836191,19.2513,72.906191,2022-03-10,1900-01-01 22:10:00,1900-01-01 22:25:00,Sunny,Low,2,Meal,scooter,1.0,No,Metropolitian,27,15,3,22.0,0
0x654e,JAPRES16DEL02,24.0,5.0,26.849596,75.800512,26.899596,75.850512,2022-03-24,1900-01-01 23:40:00,1900-01-01 23:55:00,Sunny,Low,0,Drinks,motorcycle,1.0,No,Urban,12,15,3,23.0,0
0x9acf,INDORES11DEL01,32.0,5.0,22.751234,75.88949,22.761234,75.89949,2022-03-17,1900-01-01 09:20:00,1900-01-01 09:30:00,Sunny,Low,2,Drinks,electric_scooter,0.0,No,Urban,10,10,3,9.0,0
0x8443,MUMRES19DEL01,34.0,5.0,19.131141,72.813074,19.201141,72.883074,2022-03-23,1900-01-01 22:35:00,1900-01-01 22:40:00,Sunny,Low,1,Snack,motorcycle,1.0,No,Metropolitian,17,5,3,22.0,0
0xae6b,CHENRES03DEL02,26.0,5.0,13.091809,80.219104,13.141809,80.269104,2022-03-26,1900-01-01 22:30:00,1900-01-01 22:45:00,Sunny,Low,0,Meal,motorcycle,1.0,No,Metropolitian,15,15,3,22.0,0
0x1974,RANCHIRES12DEL03,37.0,5.0,0.0,0.0,0.06,0.06,2022-04-01,1900-01-01 22:20:00,1900-01-01 22:30:00,Sunny,Low,0,Snack,motorcycle,0.0,No,Metropolitian,28,10,4,22.0,0
0x9ef5,RANCHIRES19DEL01,22.0,5.0,23.333017,85.3172,23.343017,85.3272,2022-03-13,,1900-01-01 10:15:00,Sunny,Low,1,Snack,scooter,1.0,No,Metropolitian,20,-153722867280912928,3,,0
0x34b3,SURRES06DEL02,34.0,5.0,21.185047,72.80859,21.205047,72.82859,2022-03-15,1900-01-01 08:35:00,1900-01-01 08:45:00,Sunny,Low,0,Drinks,motorcycle,1.0,No,Metropolitian,20,10,3,8.0,0
0x6d1a,COIMBRES06DEL02,35.0,5.0,11.021278,76.995017,11.071278,77.045017,2022-03-13,1900-01-01 23:10:00,1900-01-01 23:25:00,Sunny,Low,1,Drinks,motorcycle,0.0,No,Urban,11,15,3,23.0,0
0x28e3,RANCHIRES07DEL03,32.0,5.0,23.359407,85.325055,23.419407,85.385055,2022-03-19,1900-01-01 23:30:00,1900-01-01 23:45:00,Sunny,Low,1,Meal,motorcycle,0.0,No,Metropolitian,11,15,3,23.0,0
0x43bc,JAPRES04DEL01,27.0,5.0,26.902328,75.794257,26.912328,75.804257,2022-03-30,1900-01-01 09:45:00,1900-01-01 09:55:00,Sunny,Low,2,Buffet,motorcycle,1.0,No,Metropolitian,17,10,3,9.0,0
0x12c7,COIMBRES02DEL03,21.0,5.0,11.022477,76.995667,11.052477,77.025667,2022-03-05,1900-01-01 23:10:00,1900-01-01 23:25:00,Sunny,Low,2,Snack,scooter,0.0,No,Metropolitian,15,15,3,23.0,0
0xa921,SURRES01DEL02,30.0,5.0,21.186438,72.794115,21.206438,72.814115,2022-03-21,1900-01-01 08:25:00,1900-01-01 08:40:00,Sunny,Low,2,Drinks,electric_scooter,1.0,No,Metropolitian,19,15,3,8.0,0
0x6155,RANCHIRES20DEL02,20.0,5.0,23.39925,85.390464,23.41925,85.410464,2022-04-05,1900-01-01 10:40:00,1900-01-01 10:50:00,Sunny,Low,2,Snack,scooter,0.0,No,Metropolitian,22,10,4,10.0,0
0x2aa1,INDORES15DEL02,30.0,5.0,22.760072,75.892574,22.780072,75.912574,2022-03-07,1900-01-01 10:15:00,1900-01-01 10:25:00,Sunny,Low,0,Snack,motorcycle,1.0,No,Metropolitian,21,10,3,10.0,0
0xb299,MYSRES05DEL01,20.0,5.0,12.323978,76.627961,12.333978,76.637961,2022-03-21,1900-01-01 09:10:00,1900-01-01 09:15:00,Sunny,Low,2,Buffet,electric_scooter,0.0,No,Urban,22,5,3,9.0,0
0xc5a0,KNPRES15DEL01,20.0,5.0,26.482419,80.320939,26.552419,80.390939,2022-02-16,1900-01-01 23:20:00,1900-01-01 23:30:00,Sunny,Low,1,Meal,scooter,1.0,No,Metropolitian,25,10,2,23.0,0
0x9a72,JAPRES18DEL01,38.0,5.0,26.913987,75.752891,26.923987,75.762891,2022-03-13,1900-01-01 10:35:00,1900-01-01 10:40:00,Sunny,Low,2,Snack,scooter,0.0,No,Urban,17,5,3,10.0,0
0x4d2d,RANCHIRES07DEL01,36.0,5.0,23.359407,85.325055,23.429407,85.395055,2022-03-12,1900-01-01 22:35:00,1900-01-01 22:40:00,Sunny,Low,2,Buffet,scooter,0.0,No,Metropolitian,26,5,3,22.0,0
0xdd4e,BHPRES06DEL02,30.0,5.0,23.232357,77.429989,23.252357,77.449989,2022-02-13,1900-01-01 08:15:00,1900-01-01 08:25:00,Sunny,Low,2,Meal,electric_scooter,0.0,No,Metropolitian,13,10,2,8.0,0
0x3789,INDORES15DEL01,25.0,5.0,22.760072,75.892574,22.770072,75.902574,2022-03-07,,1900-01-01 11:05:00,Sunny,Low,2,Buffet,motorcycle,0.0,No,Metropolitian,15,-153722867280912928,3,,0
0xbb38,SURRES02DEL01,37.0,5.0,21.186608,72.794136,21.196608,72.804136,2022-03-17,1900-01-01 10:15:00,1900-01-01 10:20:00,Sunny,Low,1,Snack,scooter,0.0,No,Urban,18,5,3,10.0,0
0x3d9b,VADRES08DEL01,28.0,5.0,0.0,0.0,0.01,0.01,2022-03-21,,1900-01-01 10:05:00,Sunny,Low,1,Drinks,motorcycle,1.0,No,Metropolitian,22,-153722867280912928,3,,0
0x3ea8,MYSRES09DEL02,22.0,5.0,12.323194,76.630583,12.343194,76.650583,2022-03-21,1900-01-01 10:55:00,,Sunny,Low,2,Meal,electric_scooter,0.0,No,Metropolitian,23,-153722867280912928,3,10.0,0
0x9e7,VADRES15DEL02,27.0,5.0,0.0,0.0,0.02,0.02,2022-03-19,1900-01-01 10:20:00,1900-01-01 10:30:00,Sunny,Low,1,Buffet,motorcycle,1.0,No,Metropolitian,20,10,3,10.0,0
0x412f,JAPRES09DEL01,25.0,5.0,26.911378,75.789034,26.921378,75.799034,2022-03-15,1900-01-01 09:30:00,1900-01-01 09:40:00,Sunny,Low,2,Drinks,scooter,1.0,No,Metropolitian,23,10,3,9.0,0
0x9c8e,CHENRES19DEL01,35.0,5.0,12.986047,80.218114,12.996047,80.228114,2022-04-05,,1900-01-01 09:10:00,Sunny,Low,1,Drinks,motorcycle,1.0,No,Urban,18,-153722867280912928,4,,0
0x3716,MYSRES17DEL01,36.0,5.0,12.326356,76.619103,12.336356,76.629103,2022-03-19,1900-01-01 10:15:00,1900-01-01 10:25:00,Sunny,Low,1,Drinks,scooter,1.0,No,Metropolitian,15,10,3,10.0,0
0xc4c3,KOCRES17DEL02,38.0,5.0,9.959778,76.296106,10.009778,76.346106,2022-02-15,1900-01-01 23:20:00,1900-01-01 23:35:00,Sunny,Low,1,Drinks,motorcycle,1.0,No,Metropolitian,19,15,2,23.0,0
0xa403,MUMRES12DEL03,24.0,5.0,19.207222,72.972281,19.267222,73.032281,2022-03-07,1900-01-01 22:15:00,1900-01-01 22:25:00,Sunny,Low,1,Drinks,motorcycle,0.0,No,Metropolitian,19,10,3,22.0,0
0x99a8,PUNERES20DEL02,29.0,5.0,18.592718,73.773572,18.612718,73.793572,2022-03-30,1900-01-01 08:50:00,1900-01-01 09:05:00,Sunny,Low,2,Meal,scooter,0.0,No,Urban,15,15,3,8.0,0
0xe07a,KOLRES20DEL03,34.0,5.0,22.514119,88.362504,22.604119,88.452504,2022-02-12,1900-01-01 23:35:00,1900-01-01 23:40:00,Sunny,Low,1,Drinks,motorcycle,1.0,No,Urban,16,5,2,23.0,0
0xb7ae,CHENRES18DEL03,33.0,5.0,12.981615,80.231598,13.071615,80.321598,2022-03-23,1900-01-01 22:40:00,1900-01-01 22:50:00,Sunny,Low,2,Buffet,scooter,0.0,No,Metropolitian,23,10,3,22.0,0
0x7d53,CHENRES09DEL03,22.0,5.0,13.044694,80.26147,13.104694,80.32147,2022-04-01,,1900-01-01 23:15:00,Sunny,Low,2,Buffet,scooter,0.0,No,Urban,23,-153722867280912928,4,,0
0xa8b1,INDORES15DEL01,38.0,5.0,22.760072,75.892574,22.770072,75.902574,2022-03-09,1900-01-01 08:45:00,,Sunny,Low,2,Meal,scooter,0.0,No,Metropolitian,19,-153722867280912928,3,8.0,0
0xd6e1,AGRRES06DEL01,29.0,5.0,0.0,0.0,0.01,0.01,2022-02-15,,1900-01-01 09:15:00,Sunny,Low,1,Snack,scooter,1.0,No,Urban,23,-153722867280912928,2,,0
0xafb5,MUMRES14DEL01,27.0,5.0,19.1813,72.836191,19.2913,72.946191,2022-04-02,1900-01-01 22:20:00,1900-01-01 22:35:00,Sunny,Low,1,Buffet,motorcycle,0.0,No,Urban,29,15,4,22.0,0
0x5fba,RANCHIRES01DEL03,25.0,5.0,23.416792,85.316842,23.446792,85.346842,2022-04-05,1900-01-01 22:35:00,1900-01-01 22:45:00,Sunny,Low,0,Meal,motorcycle,0.0,No,Metropolitian,16,10,4,22.0,0
0x4125,INDORES12DEL01,34.0,5.0,22.74806,75.8934,22.75806,75.9034,2022-03-24,1900-01-01 10:25:00,1900-01-01 10:40:00,Sunny,Low,2,Snack,motorcycle,0.0,No,Metropolitian,16,15,3,10.0,0
0x7def,BANGRES04DEL01,24.0,5.0,12.98041,77.640489,13.05041,77.710489,2022-03-04,1900-01-01 23:40:00,1900-01-01 23:50:00,Sunny,Low,2,Snack,scooter,1.0,No,Metropolitian,26,10,3,23.0,0
0x9ae7,COIMBRES03DEL03,37.0,5.0,11.025083,77.015393,11.085083,77.075393,2022-03-13,1900-01-01 22:20:00,1900-01-01 22:25:00,Sunny,Low,2,Snack,motorcycle,0.0,No,Urban,16,5,3,22.0,0
0x5da2,COIMBRES02DEL01,23.0,5.0,11.022477,76.995667,11.032477,77.005667,2022-04-05,1900-01-01 09:15:00,1900-01-01 09:30:00,Sunny,Low,0,Drinks,motorcycle,1.0,No,Urban,13,15,4,9.0,0
0x4e60,COIMBRES19DEL01,20.0,5.0,11.022298,76.998349,11.032298,77.008349,2022-03-28,1900-01-01 08:10:00,1900-01-01 08:25:00,Sunny,Low,1,Meal,motorcycle,1.0,No,Metropolitian,16,15,3,8.0,0
0x6c9c,BANGRES03DEL02,21.0,5.0,12.979166,77.640709,13.109166,77.770709,2022-03-02,1900-01-01 23:25:00,1900-01-01 23:30:00,Sunny,Low,0,Drinks,motorcycle,1.0,No,Urban,22,5,3,23.0,0
0xb735,PUNERES14DEL02,33.0,5.0,18.516216,73.842527,18.536216,73.862527,2022-03-13,1900-01-01 10:45:00,,Sunny,Low,1,Buffet,motorcycle,1.0,No,Urban,10,-153722867280912928,3,10.0,0
0xc2c9,LUDHRES02DEL01,37.0,5.0,0.0,0.0,0.11,0.11,2022-02-16,1900-01-01 23:55:00,,Sunny,Low,1,Buffet,scooter,0.0,No,Urban,20,-153722867280912928,2,23.0,0
0x8c34,BANGRES06DEL02,22.0,5.0,12.979096,77.640625,13.059096,77.720625,2022-03-31,1900-01-01 23:10:00,1900-01-01 23:25:00,Sunny,Low,0,Drinks,motorcycle,1.0,No,Metropolitian,26,15,3,23.0,0
0xb1ea,BANGRES05DEL02,31.0,5.0,12.970324,77.645748,12.990324,77.665748,2022-03-11,1900-01-01 09:45:00,,Sunny,Low,2,Snack,scooter,0.0,No,Urban,11,-153722867280912928,3,9.0,0
0xbcc4,SURRES06DEL03,25.0,5.0,21.185047,72.80859,21.275047,72.89859,2022-03-29,1900-01-01 23:45:00,1900-01-01 23:55:00,Sunny,Low,1,Buffet,motorcycle,1.0,No,Metropolitian,27,10,3,23.0,0
0xc04d,KNPRES18DEL01,32.0,5.0,-26.474133,80.3481,26.484133,80.3581,2022-02-11,1900-01-01 09:25:00,1900-01-01 09:30:00,Sunny,Low,1,Drinks,motorcycle,0.0,No,Urban,13,5,2,9.0,0
0xa11c,PUNERES010DEL03,29.0,5.0,18.539299,73.897902,18.599299,73.957902,2022-03-11,1900-01-01 22:25:00,1900-01-01 22:40:00,Sunny,Low,2,Drinks,scooter,1.0,No,Urban,23,15,3,22.0,0
0x3062,HYDRES07DEL02,22.0,5.0,17.424114,78.347554,17.444114,78.367554,2022-03-28,1900-01-01 08:45:00,,Sunny,Low,2,Drinks,scooter,1.0,No,Metropolitian,24,-153722867280912928,3,8.0,0
0xacf6,CHENRES03DEL02,30.0,5.0,13.091809,80.219104,13.111809,80.239104,2022-03-13,1900-01-01 09:50:00,1900-01-01 09:55:00,Sunny,Low,0,Meal,motorcycle,1.0,No,Metropolitian,28,5,3,9.0,0
0x14eb,RANCHIRES18DEL02,29.0,5.0,23.351489,85.324253,23.371489,85.344253,2022-03-15,1900-01-01 10:15:00,1900-01-01 10:20:00,Sunny,Low,0,Snack,motorcycle,0.0,No,Metropolitian,11,5,3,10.0,0
0xa76d,MYSRES07DEL01,27.0,5.0,12.325461,76.632278,12.395461,76.702278,2022-04-06,1900-01-01 23:20:00,1900-01-01 23:35:00,Sunny,Low,0,Meal,motorcycle,0.0,No,Metropolitian,23,15,4,23.0,0
0x4ead,COIMBRES03DEL02,37.0,5.0,11.025083,77.015393,11.045083,77.035393,2022-03-28,1900-01-01 09:30:00,1900-01-01 09:35:00,Sunny,Low,1,Meal,motorcycle,1.0,No,Metropolitian,12,5,3,9.0,0
0x78ea,SURRES04DEL02,39.0,5.0,21.173493,72.801953,21.193493,72.821953,2022-03-13,1900-01-01 10:10:00,1900-01-01 10:15:00,Sunny,Low,1,Buffet,scooter,0.0,No,Metropolitian,16,5,3,10.0,0
0x8d62,RANCHIRES15DEL02,36.0,5.0,23.369746,85.33982,23.389746,85.35982,2022-03-28,1900-01-01 09:15:00,1900-01-01 09:25:00,Sunny,Low,1,Buffet,scooter,0.0,No,Metropolitian,14,10,3,9.0,0
0x2154,CHENRES17DEL02,25.0,5.0,13.045479,80.23311,13.095479,80.28311,2022-04-03,1900-01-01 22:35:00,1900-01-01 22:50:00,Sunny,Low,1,Drinks,motorcycle,0.0,No,Metropolitian,24,15,4,22.0,0
0x7f84,RANCHIRES04DEL01,34.0,5.0,23.359033,85.325347,23.369033,85.335347,2022-03-19,1900-01-01 10:35:00,1900-01-01 10:50:00,Sunny,Low,2,Meal,scooter,1.0,No,Urban,18,15,3,10.0,0
0x5f4d,CHENRES14DEL02,23.0,5.0,13.026279,80.174568,13.046279,80.194568,2022-03-24,1900-01-01 10:55:00,,Sunny,Low,1,Snack,motorcycle,1.0,No,Metropolitian,15,-153722867280912928,3,10.0,0
0x8930,COIMBRES01DEL02,26.0,5.0,11.016298,76.972076,11.066298,77.022076,2022-03-01,1900-01-01 22:40:00,1900-01-01 22:45:00,Sunny,Low,1,Drinks,scooter,1.0,No,Urban,18,5,3,22.0,0
0x3298,COIMBRES20DEL02,29.0,5.0,10.994136,76.963303,11.014136,76.983303,2022-03-07,,1900-01-01 11:10:00,Sunny,Low,2,Drinks,motorcycle,0.0,No,Metropolitian,15,-153722867280912928,3,,0
0xaaff,COIMBRES09DEL02,34.0,5.0,11.008638,76.984311,11.028638,77.004311,2022-03-11,1900-01-01 08:30:00,1900-01-01 08:35:00,Sunny,Low,0,Snack,motorcycle,1.0,No,Metropolitian,26,5,3,8.0,0
0x11fb,CHENRES07DEL02,30.0,5.0,13.081878,80.248519,13.161878,80.328519,2022-03-10,1900-01-01 22:40:00,1900-01-01 22:50:00,Sunny,Low,2,Snack,motorcycle,1.0,No,Metropolitian,27,10,3,22.0,0
0xbcc9,BANGRES12DEL02,34.0,5.0,12.939496,77.625999,12.959496,77.645999,2022-03-15,1900-01-01 08:10:00,1900-01-01 08:15:00,Sunny,Low,2,Meal,motorcycle,0.0,No,Metropolitian,14,5,3,8.0,0
0x6f57,PUNERES11DEL02,36.0,5.0,18.533811,73.899315,18.553811,73.919315,2022-03-17,1900-01-01 09:15:00,1900-01-01 09:25:00,Sunny,Low,1,Buffet,scooter,0.0,No,Metropolitian,15,10,3,9.0,0
0x4399,INDORES03DEL01,23.0,5.0,22.751857,75.866699,22.761857,75.876699,2022-03-21,1900-01-01 10:30:00,1900-01-01 10:35:00,Sunny,Low,1,Buffet,scooter,0.0,No,Urban,17,5,3,10.0,0
0xe232,KNPRES04DEL02,21.0,5.0,26.471529,80.313458,26.491529,80.333458,2022-02-15,1900-01-01 09:25:00,1900-01-01 09:35:00,Sunny,Low,2,Buffet,scooter,1.0,No,Metropolitian,24,10,2,9.0,0
0x574c,VADRES02DEL01,34.0,5.0,0.0,0.0,0.07,0.07,2022-04-04,1900-01-01 23:20:00,1900-01-01 23:25:00,Sunny,Low,2,Drinks,scooter,0.0,No,Metropolitian,24,5,4,23.0,0
0x339b,HYDRES02DEL03,39.0,5.0,17.41233,78.449654,17.44233,78.479654,2022-03-17,1900-01-01 22:20:00,1900-01-01 22:25:00,Sunny,Low,0,Drinks,motorcycle,1.0,No,Metropolitian,29,5,3,22.0,0
0xa3b6,RANCHIRES13DEL01,20.0,5.0,23.374989,85.335486,23.384989,85.345486,2022-03-21,1900-01-01 09:40:00,1900-01-01 09:50:00,Sunny,Low,1,Buffet,motorcycle,0.0,No,Urban,17,10,3,9.0,0
0x7cb1,RANCHIRES13DEL02,39.0,5.0,23.374989,85.335486,23.424989,85.385486,2022-04-01,1900-01-01 22:20:00,1900-01-01 22:30:00,Sunny,Low,1,Meal,motorcycle,1.0,No,Urban,17,10,4,22.0,0
0xf2a,HYDRES20DEL02,24.0,5.0,17.483216,78.552111,17.533216,78.602111,2022-03-21,1900-01-01 22:10:00,1900-01-01 22:15:00,Sunny,Low,1,Snack,scooter,1.0,No,Urban,18,5,3,22.0,0
0x97b2,COIMBRES15DEL02,37.0,5.0,11.006686,76.951736,11.026686,76.971736,2022-03-17,1900-01-01 10:20:00,1900-01-01 10:30:00,Sunny,Low,2,Meal,scooter,0.0,No,Urban,15,10,3,10.0,0
0x5e42,VADRES09DEL02,32.0,5.0,0.0,0.0,0.02,0.02,2022-03-21,1900-01-01 08:40:00,1900-01-01 08:45:00,Sunny,Low,0,Meal,motorcycle,0.0,No,Metropolitian,28,5,3,8.0,0
0xb38f,SURRES09DEL03,31.0,5.0,21.175975,72.795503,21.265975,72.885503,2022-04-04,,1900-01-01 23:10:00,Sunny,Low,1,Drinks,motorcycle,1.0,No,Metropolitian,26,-153722867280912928,4,,0
0xa074,BANGRES02DEL02,21.0,5.0,12.970221,77.645396,13.020221,77.695396,2022-03-21,1900-01-01 23:10:00,1900-01-01 23:25:00,Sunny,Low,2,Meal,scooter,0.0,No,Urban,18,15,3,23.0,0
0x436b,VADRES01DEL01,29.0,5.0,22.307898,73.167788,22.417898,73.277788,2022-03-31,1900-01-01 23:20:00,1900-01-01 23:35:00,Sunny,Low,1,Buffet,motorcycle,1.0,No,Metropolitian,29,15,3,23.0,0
0xd491,KNPRES13DEL03,26.0,5.0,26.481547,80.299775,26.511547,80.329775,2022-02-15,1900-01-01 23:25:00,1900-01-01 23:35:00,Sunny,Low,1,Drinks,motorcycle,1.0,No,Metropolitian,23,10,2,23.0,0
0x353b,SURRES01DEL03,36.0,5.0,21.186438,72.794115,21.246438,72.854115,2022-03-03,1900-01-01 23:50:00,1900-01-01 23:55:00,Sunny,Low,2,Drinks,motorcycle,0.0,No,Urban,14,5,3,23.0,0
0x1a12,MYSRES17DEL01,37.0,5.0,12.326356,76.619103,12.336356,76.629103,2022-03-11,1900-01-01 08:25:00,1900-01-01 08:30:00,Sunny,Low,0,Meal,motorcycle,1.0,No,Metropolitian,24,5,3,8.0,0
0x2c26,BANGRES09DEL02,33.0,5.0,12.934179,77.615797,13.014179,77.695797,2022-03-25,1900-01-01 22:45:00,1900-01-01 22:55:00,Sunny,Low,2,Snack,motorcycle,1.0,No,Metropolitian,20,10,3,22.0,0
0x7637,INDORES09DEL02,39.0,5.0,22.725835,75.887648,22.745835,75.907648,2022-03-11,1900-01-01 08:55:00,,Sunny,Low,1,Snack,motorcycle,0.0,No,Metropolitian,12,-153722867280912928,3,8.0,0
0x72bb,INDORES16DEL01,25.0,5.0,22.744648,75.894377,22.854648,76.004377,2022-03-16,1900-01-01 23:20:00,1900-01-01 23:25:00,Sunny,Low,1,Snack,scooter,1.0,No,Metropolitian,27,5,3,23.0,0
0x15a5,PUNERES17DEL01,20.0,5.0,18.530963,73.828972,18.540963,73.838972,2022-03-07,1900-01-01 10:25:00,1900-01-01 10:30:00,Sunny,Low,2,Drinks,electric_scooter,1.0,No,Metropolitian,23,5,3,10.0,0
0xcc51,AURGRES02DEL02,28.0,5.0,0.0,0.0,0.02,0.02,2022-02-17,1900-01-01 08:25:00,1900-01-01 08:30:00,Sunny,Low,2,Meal,scooter,1.0,No,Urban,24,5,2,8.0,0
0x3b16,CHENRES11DEL03,36.0,5.0,13.064181,80.236442,13.154181,80.326442,2022-03-06,1900-01-01 22:55:00,1900-01-01 23:10:00,Sunny,Low,0,Snack,motorcycle,0.0,No,Metropolitian,23,15,3,22.0,0
0x243c,MUMRES16DEL02,33.0,5.0,19.120083,72.907385,19.140083,72.927385,2022-03-13,1900-01-01 10:10:00,1900-01-01 10:15:00,Sunny,Low,2,Drinks,electric_scooter,0.0,No,Metropolitian,13,5,3,10.0,0
0x981d,HYDRES13DEL02,28.0,5.0,17.431477,78.40035,17.451477,78.42035,2022-03-15,1900-01-01 09:55:00,,Sunny,Low,1,Meal,motorcycle,0.0,No,Metropolitian,24,-153722867280912928,3,9.0,0
0x8124,MUMRES19DEL03,37.0,5.0,19.131141,72.813074,19.19114,72.873074,2022-03-17,1900-01-01 23:35:00,1900-01-01 23:45:00,Sunny,Low,1,Buffet,scooter,0.0,No,Metropolitian,14,10,3,23.0,0
0x492d,MUMRES03DEL03,36.0,5.0,19.22384,72.841347,19.31384,72.931347,2022-03-31,1900-01-01 22:15:00,1900-01-01 22:20:00,Sunny,Low,0,Buffet,motorcycle,0.0,No,Metropolitian,22,5,3,22.0,0
0xe9a,HYDRES18DEL01,27.0,5.0,17.450851,78.379347,17.560851,78.489347,2022-03-25,1900-01-01 23:35:00,1900-01-01 23:50:00,Sunny,Low,2,Buffet,scooter,1.0,No,Metropolitian,28,15,3,23.0,0
0x28be,VADRES06DEL02,34.0,5.0,22.31279,73.170283,22.33279,73.190283,2022-03-05,1900-01-01 09:15:00,1900-01-01 09:20:00,Sunny,Low,0,Meal,motorcycle,1.0,No,Metropolitian,22,5,3,9.0,0
0x227e,VADRES12DEL01,21.0,5.0,0.0,0.0,0.01,0.01,2022-03-03,1900-01-01 08:35:00,1900-01-01 08:45:00,Sunny,Low,2,Buffet,electric_scooter,1.0,No,Metropolitian,24,10,3,8.0,0
0x4712,COIMBRES03DEL01,28.0,5.0,11.025083,77.015393,11.095083,77.085393,2022-03-04,1900-01-01 22:55:00,1900-01-01 23:05:00,Sunny,Low,2,Drinks,motorcycle,0.0,No,Metropolitian,26,10,3,22.0,0
0x7f75,HYDRES06DEL03,28.0,5.0,17.455894,78.375467,17.515894,78.435467,2022-03-19,1900-01-01 23:45:00,1900-01-01 23:55:00,Sunny,Low,1,Drinks,scooter,0.0,No,Urban,15,10,3,23.0,0
0x353e,INDORES04DEL03,35.0,5.0,22.753659,75.903365,22.843659,75.993365,2022-03-12,1900-01-01 23:30:00,1900-01-01 23:45:00,Sunny,Low,1,Drinks,motorcycle,0.0,No,Metropolitian,20,15,3,23.0,0
0x87e1,PUNERES20DEL01,21.0,5.0,18.592718,73.773572,18.602718,73.783572,2022-03-07,1900-01-01 08:15:00,1900-01-01 08:30:00,Sunny,Low,0,Meal,motorcycle,0.0,No,Metropolitian,15,15,3,8.0,0
0x9cc8,COIMBRES08DEL02,30.0,5.0,11.001852,76.976268,11.051852,77.026268,2022-03-21,1900-01-01 23:15:00,1900-01-01 23:25:00,Sunny,Low,1,Snack,motorcycle,0.0,No,Metropolitian,19,10,3,23.0,0
0xa561,MUMRES02DEL03,32.0,5.0,19.221315,72.862381,19.251315,72.892381,2022-03-17,1900-01-01 23:10:00,1900-01-01 23:25:00,Sunny,Low,0,Snack,motorcycle,1.0,No,Metropolitian,27,15,3,23.0,0
0x5f0b,RANCHIRES08DEL03,25.0,5.0,23.353783,85.326967,23.383783,85.356967,2022-03-11,1900-01-01 23:25:00,1900-01-01 23:40:00,Sunny,Low,2,Drinks,electric_scooter,1.0,No,Urban,17,15,3,23.0,0
0x7ac5,INDORES04DEL01,24.0,5.0,22.753659,75.903365,22.863659,76.013365,2022-03-04,1900-01-01 22:35:00,1900-01-01 22:40:00,Sunny,Low,2,Snack,electric_scooter,1.0,No,Metropolitian,30,5,3,22.0,0
0x757f,HYDRES16DEL02,24.0,5.0,17.440827,78.393391,17.460827,78.413391,2022-03-13,1900-01-01 09:15:00,1900-01-01 09:30:00,Sunny,Low,1,Drinks,scooter,1.0,No,Metropolitian,23,15,3,9.0,0
0x20be,HYDRES18DEL02,36.0,5.0,17.450851,78.379347,17.470851,78.399347,2022-03-19,1900-01-01 08:40:00,1900-01-01 08:55:00,Sunny,Low,2,Snack,scooter,0.0,No,Metropolitian,11,15,3,8.0,0
0xb24b,RANCHIRES09DEL02,27.0,5.0,23.351058,85.325731,23.371058,85.345731,2022-03-01,1900-01-01 09:25:00,1900-01-01 09:40:00,Sunny,Low,1,Meal,scooter,0.0,No,Metropolitian,18,15,3,9.0,0
0x6d79,JAPRES08DEL03,22.0,5.0,26.910262,75.783013,26.970262,75.843013,2022-03-11,1900-01-01 22:40:00,1900-01-01 22:50:00,Sunny,Low,1,Snack,motorcycle,1.0,No,Metropolitian,19,10,3,22.0,0
0xb00a,SURRES11DEL01,31.0,5.0,21.157735,72.768778,21.167735,72.778778,2022-03-21,1900-01-01 08:30:00,1900-01-01 08:45:00,Sunny,Low,0,Buffet,motorcycle,1.0,No,Metropolitian,26,15,3,8.0,0
0x407f,SURRES01DEL02,33.0,5.0,21.186438,72.794115,21.206438,72.814115,2022-03-11,1900-01-01 10:50:00,1900-01-01 10:55:00,Sunny,Low,2,Meal,scooter,1.0,No,Urban,16,5,3,10.0,0
0x8956,HYDRES13DEL01,20.0,5.0,17.431477,78.40035,17.441477,78.41035,2022-04-03,1900-01-01 09:55:00,1900-01-01 10:05:00,Sunny,Low,0,Meal,motorcycle,1.0,No,Metropolitian,17,10,4,9.0,0
0x8232,PUNERES15DEL02,39.0,5.0,18.636215,73.751081,18.716215,73.831081,2022-03-04,1900-01-01 22:45:00,,Sunny,Low,1,Snack,scooter,1.0,No,Metropolitian,25,-153722867280912928,3,22.0,0
0x5f90,CHENRES16DEL02,37.0,5.0,13.049645,80.242268,13.099645,80.292268,2022-03-09,1900-01-01 23:50:00,,Sunny,Low,2,Meal,scooter,1.0,No,Metropolitian,19,-153722867280912928,3,23.0,0
0xc8a7,AURGRES01DEL02,35.0,5.0,19.876219,75.346017,19.956219,75.426017,2022-02-14,1900-01-01 23:20:00,1900-01-01 23:25:00,Sunny,Low,1,Meal,scooter,1.0,No,Metropolitian,28,5,2,23.0,0
0x7d56,RANCHIRES19DEL02,21.0,5.0,23.333017,85.3172,23.353017,85.3372,2022-04-03,1900-01-01 10:10:00,1900-01-01 10:25:00,Sunny,Low,0,Drinks,motorcycle,1.0,No,Metropolitian,19,15,4,10.0,0
0x9e72,HYDRES12DEL02,22.0,5.0,17.429585,78.392621,17.449585,78.412621,2022-03-13,1900-01-01 08:30:00,1900-01-01 08:40:00,Sunny,Low,1,Snack,motorcycle,1.0,No,Metropolitian,23,10,3,8.0,0
0xb17f,RANCHIRES08DEL03,22.0,5.0,23.353783,85.326967,23.413783,85.386967,2022-03-21,1900-01-01 22:20:00,1900-01-01 22:25:00,Sunny,Low,1,Meal,motorcycle,1.0,No,Urban,16,5,3,22.0,0
0xb113,PUNERES08DEL03,21.0,5.0,18.53408,73.89852,18.56408,73.92852,2022-03-26,1900-01-01 22:55:00,,Sunny,Low,2,Meal,electric_scooter,0.0,No,Metropolitian,23,-153722867280912928,3,22.0,0
0x6903,CHENRES20DEL03,20.0,5.0,12.975996,80.221898,13.005996,80.251898,2022-04-03,1900-01-01 23:20:00,1900-01-01 23:35:00,Sunny,Low,1,Buffet,motorcycle,1.0,No,Metropolitian,20,15,4,23.0,0
0xcbc1,AGRRES010DEL02,25.0,5.0,27.163303,78.057044,27.183303,78.077044,2022-02-11,1900-01-01 10:30:00,1900-01-01 10:40:00,Sunny,Low,0,Buffet,motorcycle,1.0,No,Metropolitian,13,10,2,10.0,0
0x1936,VADRES01DEL02,25.0,5.0,22.307898,73.167788,22.327898,73.187788,2022-03-15,1900-01-01 10:30:00,1900-01-01 10:45:00,Sunny,Low,0,Meal,motorcycle,0.0,No,Metropolitian,12,15,3,10.0,0
0x1768,HYDRES14DEL03,37.0,5.0,17.426228,78.407495,17.456228,78.437495,2022-04-03,1900-01-01 22:10:00,1900-01-01 22:15:00,Sunny,Low,0,Buffet,motorcycle,0.0,No,Metropolitian,23,5,4,22.0,0
0x9683,PUNERES11DEL01,21.0,5.0,18.533811,73.899315,18.643811,74.009315,2022-03-08,1900-01-01 23:50:00,1900-01-01 23:55:00,Sunny,Low,0,Meal,motorcycle,1.0,No,Metropolitian,26,5,3,23.0,0
0xd7a4,AURGRES07DEL02,39.0,5.0,19.875908,75.358888,19.925908,75.408888,2022-02-13,1900-01-01 22:45:00,1900-01-01 22:50:00,Sunny,Low,1,Meal,motorcycle,0.0,No,Urban,15,5,2,22.0,0
0xd7c4,GOARES20DEL01,25.0,5.0,0.0,0.0,0.01,0.01,2022-02-17,1900-01-01 09:10:00,1900-01-01 09:15:00,Sunny,Low,2,Drinks,electric_scooter,1.0,No,Urban,22,5,2,9.0,0
0x5a65,CHENRES17DEL01,28.0,5.0,13.045479,80.23311,13.055479,80.24311,2022-03-15,1900-01-01 10:45:00,1900-01-01 10:50:00,Sunny,Low,0,Drinks,motorcycle,0.0,No,Metropolitian,19,5,3,10.0,0
0x809b,RANCHIRES010DEL01,21.0,5.0,23.354422,85.3329,23.364422,85.3429,2022-03-09,1900-01-01 09:35:00,1900-01-01 09:50:00,Sunny,Low,1,Snack,motorcycle,0.0,No,Metropolitian,17,15,3,9.0,0
0x1e5b,COIMBRES03DEL01,37.0,5.0,11.025083,77.015393,11.035083,77.025393,2022-03-05,1900-01-01 10:25:00,1900-01-01 10:35:00,Sunny,Low,1,Buffet,motorcycle,0.0,No,Metropolitian,16,10,3,10.0,0
0x679f,BANGRES14DEL03,24.0,5.0,12.949934,77.699386,12.979934,77.729386,2022-03-15,1900-01-01 23:25:00,1900-01-01 23:30:00,Sunny,Low,1,Meal,scooter,1.0,No,Metropolitian,23,5,3,23.0,0
0x913e,HYDRES010DEL03,30.0,5.0,17.428294,78.404423,17.518294,78.494423,2022-04-02,1900-01-01 23:30:00,1900-01-01 23:35:00,Sunny,Low,0,Meal,motorcycle,0.0,No,Metropolitian,22,5,4,23.0,0
0x8e97,MYSRES07DEL01,22.0,5.0,12.325461,76.632278,12.335461,76.642278,2022-03-05,1900-01-01 08:55:00,1900-01-01 09:10:00,Sunny,Low,2,Drinks,motorcycle,1.0,No,Metropolitian,23,15,3,8.0,0
0xbe94,HYDRES09DEL02,21.0,5.0,17.431668,78.408321,17.451668,78.428321,2022-03-30,1900-01-01 10:15:00,1900-01-01 10:30:00,Sunny,Low,2,Snack,scooter,1.0,No,Urban,15,15,3,10.0,0
0xde45,ALHRES19DEL02,28.0,5.0,25.457116,81.859682,25.477116,81.879682,2022-02-11,1900-01-01 09:10:00,1900-01-01 09:25:00,Sunny,Low,2,Meal,motorcycle,1.0,No,Metropolitian,19,15,2,9.0,0
0xde14,KNPRES05DEL01,38.0,5.0,26.479108,80.315042,26.489108,80.325042,2022-02-11,1900-01-01 09:40:00,1900-01-01 09:55:00,Sunny,Low,1,Drinks,motorcycle,0.0,No,Urban,13,15,2,9.0,0
0x6d1f,COIMBRES09DEL02,33.0,5.0,11.008638,76.984311,11.058638,77.034311,2022-03-11,1900-01-01 23:40:00,1900-01-01 23:50:00,Sunny,Low,1,Snack,motorcycle,0.0,No,Metropolitian,17,10,3,23.0,0
0x6307,BANGRES04DEL02,21.0,5.0,12.98041,77.640489,13.00041,77.660489,2022-03-17,1900-01-01 08:40:00,1900-01-01 08:50:00,Sunny,Low,0,Snack,motorcycle,1.0,No,Metropolitian,19,10,3,8.0,0
0xa271,COIMBRES18DEL02,28.0,5.0,11.02091,76.940432,11.04091,76.960432,2022-03-07,1900-01-01 10:50:00,,Sunny,Low,0,Buffet,motorcycle,1.0,No,Metropolitian,16,-153722867280912928,3,10.0,0
0x8867,JAPRES12DEL01,27.0,5.0,26.902908,75.792934,26.912908,75.802934,2022-04-03,1900-01-01 08:35:00,1900-01-01 08:45:00,Sunny,Low,2,Snack,electric_scooter,1.0,No,Metropolitian,20,10,4,8.0,0
0x4fec,RANCHIRES20DEL02,34.0,5.0,23.39925,85.390464,23.52925,85.520464,2022-03-16,1900-01-01 23:50:00,,Sunny,Low,1,Buffet,scooter,1.0,No,Metropolitian,29,-153722867280912928,3,23.0,0
0x25d2,MUMRES19DEL02,33.0,5.0,19.131141,72.813074,19.151141,72.833074,2022-03-13,1900-01-01 09:45:00,,Sunny,Low,2,Buffet,motorcycle,1.0,No,Metropolitian,13,-153722867280912928,3,9.0,0
0x1c92,COIMBRES03DEL02,39.0,5.0,11.025083,77.015393,11.045083,77.035393,2022-04-01,1900-01-01 09:40:00,1900-01-01 09:45:00,Sunny,Low,1,Drinks,motorcycle,1.0,No,Metropolitian,19,5,4,9.0,0
0x2c1d,BANGRES06DEL02,23.0,5.0,12.979096,77.640625,13.059096,77.720625,2022-03-14,1900-01-01 22:15:00,1900-01-01 22:20:00,Sunny,Low,0,Meal,motorcycle,1.0,No,Metropolitian,25,5,3,22.0,0
0x6b1d,SURRES14DEL01,33.0,5.0,21.157729,72.768726,21.167729,72.778726,2022-03-07,1900-01-01 08:10:00,1900-01-01 08:25:00,Sunny,Low,1,Drinks,scooter,0.0,No,Urban,13,15,3,8.0,0
0x8a44,JAPRES17DEL01,25.0,5.0,26.892312,75.806896,26.902313,75.816896,2022-04-05,1900-01-01 10:35:00,1900-01-01 10:50:00,Sunny,Low,0,Meal,motorcycle,0.0,No,Urban,17,15,4,10.0,0
0x89d5,SURRES18DEL02,39.0,5.0,21.149834,72.778666,21.229834,72.858666,2022-03-14,1900-01-01 22:40:00,1900-01-01 22:45:00,Sunny,Low,0,Snack,motorcycle,0.0,No,Metropolitian,23,5,3,22.0,0
0x5cd0,JAPRES18DEL02,33.0,5.0,26.913987,75.752891,26.963987,75.802891,2022-03-21,,1900-01-01 23:15:00,Sunny,Low,0,Buffet,motorcycle,0.0,No,Metropolitian,22,-153722867280912928,3,,0
0x1d1a,HYDRES04DEL02,22.0,5.0,17.411028,78.329645,17.431028,78.349645,2022-04-01,1900-01-01 10:50:00,1900-01-01 11:05:00,Sunny,Low,1,Snack,scooter,0.0,No,Metropolitian,18,15,4,10.0,0
0x5fe7,RANCHIRES09DEL02,39.0,5.0,23.351058,85.325731,23.401058,85.375731,2022-03-19,1900-01-01 23:10:00,1900-01-01 23:25:00,Sunny,Low,0,Snack,motorcycle,1.0,No,Metropolitian,20,15,3,23.0,0
0xc3ef,BHPRES09DEL01,23.0,5.0,0.0,0.0,0.01,0.01,2022-02-11,1900-01-01 08:55:00,1900-01-01 09:05:00,Sunny,Low,2,Meal,electric_scooter,1.0,No,Metropolitian,15,10,2,8.0,0
0x7567,INDORES11DEL01,36.0,5.0,22.751234,75.88949,22.761234,75.89949,2022-03-01,1900-01-01 10:10:00,1900-01-01 10:25:00,Sunny,Low,1,Drinks,scooter,1.0,No,Metropolitian,12,15,3,10.0,0
0x74b8,PUNERES12DEL01,38.0,5.0,18.520016,73.830547,18.590016,73.900547,2022-04-04,1900-01-01 23:10:00,1900-01-01 23:25:00,Sunny,Low,2,Snack,scooter,1.0,No,Metropolitian,25,15,4,23.0,0
0x5d9c,RANCHIRES08DEL01,28.0,5.0,23.353783,85.326967,23.363783,85.336967,2022-03-19,1900-01-01 09:45:00,,Sunny,Low,2,Drinks,motorcycle,0.0,No,Metropolitian,17,-153722867280912928,3,9.0,0
0xe168,BHPRES16DEL02,21.0,5.0,23.264015,77.408236,23.394015,77.538236,2022-02-18,1900-01-01 22:15:00,1900-01-01 22:20:00,Sunny,Low,0,Drinks,motorcycle,1.0,No,Metropolitian,27,5,2,22.0,0
0xaf7a,JAPRES05DEL01,24.0,5.0,26.905287,75.794592,26.915287,75.804592,2022-03-21,1900-01-01 08:50:00,1900-01-01 08:55:00,Sunny,Low,2,Snack,electric_scooter,1.0,No,Metropolitian,16,5,3,8.0,0
0x9fda,RANCHIRES06DEL02,24.0,5.0,23.357804,85.325146,23.377804,85.345146,2022-03-15,1900-01-01 10:40:00,1900-01-01 10:45:00,Sunny,Low,1,Drinks,motorcycle,1.0,No,Metropolitian,19,5,3,10.0,0
0x4872,MUMRES010DEL02,26.0,5.0,19.003517,72.82765,19.133517,72.95765,2022-03-06,1900-01-01 23:55:00,,Sunny,Low,0,Snack,motorcycle,1.0,No,Metropolitian,24,-153722867280912928,3,23.0,0
0x4763,PUNERES16DEL02,39.0,5.0,18.536718,73.830327,18.556718,73.850327,2022-03-05,1900-01-01 09:25:00,1900-01-01 09:30:00,Sunny,Low,2,Buffet,scooter,1.0,No,Metropolitian,14,5,3,9.0,0
0xbd85,RANCHIRES11DEL02,31.0,5.0,23.359194,85.325447,23.489194,85.455447,2022-03-10,1900-01-01 23:25:00,1900-01-01 23:35:00,Sunny,Low,1,Snack,motorcycle,1.0,No,Metropolitian,15,10,3,23.0,0
0x3cc9,HYDRES04DEL02,35.0,5.0,17.411028,78.329645,17.461028,78.379645,2022-03-19,1900-01-01 22:40:00,1900-01-01 22:50:00,Sunny,Low,1,Snack,scooter,0.0,No,Urban,11,10,3,22.0,0
0xb3cc,MUMRES010DEL02,36.0,5.0,19.003517,72.82765,19.023517,72.84765,2022-03-09,1900-01-01 09:45:00,,Sunny,Low,2,Drinks,scooter,0.0,No,Metropolitian,14,-153722867280912928,3,9.0,0
0xc531,KOLRES14DEL01,26.0,5.0,22.552996,88.35231,22.562996,88.36231,2022-02-13,1900-01-01 08:40:00,1900-01-01 08:55:00,Sunny,Low,0,Meal,motorcycle,0.0,No,Urban,13,15,2,8.0,0
0x8900,SURRES14DEL01,36.0,5.0,21.157729,72.768726,21.167729,72.778726,2022-03-28,1900-01-01 10:10:00,1900-01-01 10:15:00,Sunny,Low,1,Buffet,scooter,0.0,No,Urban,11,5,3,10.0,0
0x95be,SURRES15DEL02,26.0,5.0,21.160522,72.771477,21.180522,72.791477,2022-03-01,1900-01-01 08:50:00,1900-01-01 08:55:00,Sunny,Low,2,Snack,electric_scooter,0.0,No,Metropolitian,16,5,3,8.0,0
0x3a0b,CHENRES05DEL01,37.0,5.0,13.058616,80.264151,13.068616,80.274151,2022-03-01,1900-01-01 08:45:00,1900-01-01 08:50:00,Sunny,Low,2,Drinks,scooter,1.0,No,Urban,13,5,3,8.0,0
0x30c5,RANCHIRES04DEL02,29.0,5.0,23.359033,85.325347,23.409033,85.375347,2022-03-26,1900-01-01 23:25:00,1900-01-01 23:30:00,Sunny,Low,2,Drinks,scooter,1.0,No,Metropolitian,20,5,3,23.0,0
0xb65,MYSRES02DEL02,20.0,5.0,12.304569,76.643622,12.354569,76.693622,2022-03-05,1900-01-01 22:50:00,,Sunny,Low,0,Snack,motorcycle,0.0,No,Metropolitian,16,-153722867280912928,3,22.0,0
0x15f5,VADRES06DEL02,37.0,5.0,22.31279,73.170283,22.44279,73.300283,2022-04-04,1900-01-01 23:30:00,1900-01-01 23:45:00,Sunny,Low,0,Snack,motorcycle,1.0,No,Urban,23,15,4,23.0,0
0x9e81,MUMRES02DEL01,37.0,5.0,19.221315,72.862381,19.291315,72.932381,2022-03-10,1900-01-01 23:55:00,,Sunny,Low,1,Snack,motorcycle,0.0,No,Metropolitian,15,-153722867280912928,3,23.0,0
0x5f01,MUMRES15DEL02,31.0,5.0,19.176269,72.836721,19.196269,72.856721,2022-04-03,,1900-01-01 09:05:00,Sunny,Low,2,Buffet,electric_scooter,0.0,No,Metropolitian,18,-153722867280912928,4,,0
0x9758,CHENRES07DEL01,25.0,5.0,13.081878,80.248519,13.091878,80.258519,2022-03-13,1900-01-01 09:10:00,1900-01-01 09:25:00,Sunny,Low,1,Buffet,motorcycle,0.0,No,Metropolitian,23,15,3,9.0,0
0x73ae,INDORES17DEL01,23.0,5.0,22.761226,75.887522,22.771226,75.897522,2022-03-07,1900-01-01 09:50:00,1900-01-01 10:05:00,Sunny,Low,2,Meal,scooter,0.0,No,Metropolitian,19,15,3,9.0,0
0x2ef7,BANGRES18DEL02,34.0,5.0,12.913041,77.683237,13.043041,77.813237,2022-03-14,1900-01-01 22:25:00,1900-01-01 22:30:00,Sunny,Low,0,Drinks,motorcycle,0.0,No,Urban,21,5,3,22.0,0
0x34dd,HYDRES18DEL03,25.0,5.0,17.450851,78.379347,17.510851,78.439347,2022-03-17,1900-01-01 22:30:00,1900-01-01 22:45:00,Sunny,Low,2,Snack,motorcycle,1.0,No,Metropolitian,17,15,3,22.0,0
0xe093,KOLRES08DEL03,28.0,5.0,22.53796,88.349843,22.56796,88.379843,2022-02-11,1900-01-01 23:50:00,,Sunny,Low,0,Meal,motorcycle,0.0,No,Metropolitian,17,-153722867280912928,2,23.0,0
0x48ea,COIMBRES20DEL01,22.0,5.0,10.994136,76.963303,11.004136,76.973303,2022-04-05,1900-01-01 10:40:00,1900-01-01 10:55:00,Sunny,Low,2,Snack,scooter,0.0,No,Metropolitian,16,15,4,10.0,0
0xcb77,KOCRES13DEL01,27.0,5.0,9.991703,76.293136,10.001703,76.303136,2022-02-17,1900-01-01 08:10:00,1900-01-01 08:15:00,Sunny,Low,1,Snack,motorcycle,1.0,No,Metropolitian,24,5,2,8.0,0
0x966a,RANCHIRES04DEL01,35.0,5.0,23.359033,85.325347,23.369033,85.335347,2022-03-11,1900-01-01 08:15:00,1900-01-01 08:20:00,Sunny,Low,2,Drinks,electric_scooter,0.0,No,Urban,11,5,3,8.0,0
0x73a0,HYDRES04DEL02,28.0,5.0,17.411028,78.329645,17.431028,78.349645,2022-04-05,1900-01-01 08:40:00,1900-01-01 08:55:00,Sunny,Low,2,Meal,electric_scooter,1.0,No,Metropolitian,21,15,4,8.0,0
0xe00a,KOLRES20DEL01,35.0,5.0,22.514119,88.362504,22.524119,88.372504,2022-02-11,,1900-01-01 09:10:00,Sunny,Low,1,Meal,scooter,1.0,No,Metropolitian,19,-153722867280912928,2,,0
0xd7f6,GOARES18DEL01,35.0,5.0,15.49395,73.827423,15.50395,73.837423,2022-02-17,,1900-01-01 10:15:00,Sunny,Low,0,Snack,motorcycle,1.0,No,Metropolitian,27,-153722867280912928,2,,0
0xfea,CHENRES18DEL01,29.0,5.0,12.981615,80.231598,12.991615,80.241598,2022-03-24,1900-01-01 10:30:00,1900-01-01 10:40:00,Sunny,Low,2,Meal,scooter,1.0,No,Urban,18,10,3,10.0,0
0xa78c,RANCHIRES16DEL01,29.0,5.0,23.371292,85.327872,23.481292,85.437872,2022-03-14,1900-01-01 23:45:00,,Sunny,Low,1,Buffet,scooter,1.0,No,Urban,25,-153722867280912928,3,23.0,0
0x3c73,SURRES19DEL01,34.0,5.0,21.149669,72.772629,21.159669,72.782629,2022-03-09,,1900-01-01 09:10:00,Sunny,Low,0,Meal,motorcycle,1.0,No,Metropolitian,29,-153722867280912928,3,,0
0xa7d0,JAPRES19DEL03,22.0,5.0,26.913726,75.75282,26.943726,75.78282,2022-03-15,1900-01-01 22:25:00,1900-01-01 22:30:00,Sunny,Low,0,Drinks,motorcycle,1.0,No,Metropolitian,14,5,3,22.0,0
0xc33b,KOLRES13DEL02,32.0,5.0,22.553227,88.353273,22.573227,88.373273,2022-02-11,,1900-01-01 09:10:00,Sunny,Low,2,Buffet,scooter,1.0,No,Metropolitian,16,-153722867280912928,2,,0
0xaf93,CHENRES01DEL03,22.0,5.0,13.005801,80.250744,13.065801,80.310744,2022-03-21,1900-01-01 23:25:00,1900-01-01 23:40:00,Sunny,Low,2,Buffet,scooter,1.0,No,Metropolitian,20,15,3,23.0,0
0x21a1,BANGRES16DEL03,32.0,5.0,13.029198,77.570997,13.089198,77.630997,2022-03-03,1900-01-01 22:30:00,1900-01-01 22:40:00,Sunny,Low,2,Snack,motorcycle,1.0,No,Metropolitian,17,10,3,22.0,0
0xb01,JAPRES12DEL01,39.0,5.0,26.902908,75.792934,26.912908,75.802934,2022-03-11,1900-01-01 08:10:00,1900-01-01 08:15:00,Sunny,Low,1,Meal,motorcycle,0.0,No,Metropolitian,12,5,3,8.0,0
0x92f9,JAPRES14DEL03,27.0,5.0,26.88842,75.800689,26.91842,75.830689,2022-03-01,1900-01-01 23:10:00,1900-01-01 23:25:00,Sunny,Low,1,Snack,scooter,0.0,No,Urban,23,15,3,23.0,0
0xd665,LUDHRES12DEL02,33.0,5.0,30.893244,75.821817,31.023244,75.951817,2022-02-16,1900-01-01 22:10:00,1900-01-01 22:20:00,Sunny,Low,0,Buffet,motorcycle,1.0,No,Metropolitian,25,10,2,22.0,0
0x76e3,RANCHIRES13DEL02,28.0,5.0,23.374989,85.335486,23.394989,85.355486,2022-04-01,1900-01-01 08:15:00,1900-01-01 08:25:00,Sunny,Low,1,Snack,scooter,0.0,No,Metropolitian,24,10,4,8.0,0
0x56d4,RANCHIRES16DEL02,34.0,5.0,23.371292,85.327872,23.501292,85.457872,2022-03-08,1900-01-01 23:15:00,1900-01-01 23:30:00,Sunny,Low,0,Snack,motorcycle,1.0,No,Urban,21,15,3,23.0,0
0x1051,PUNERES04DEL02,29.0,5.0,18.51421,73.838429,18.53421,73.858429,2022-03-26,1900-01-01 08:55:00,1900-01-01 09:05:00,Sunny,Low,1,Snack,motorcycle,1.0,No,Metropolitian,19,10,3,8.0,0
0xd431,KNPRES12DEL01,39.0,5.0,26.492106,80.327797,26.502106,80.337797,2022-02-17,1900-01-01 10:25:00,1900-01-01 10:30:00,Sunny,Low,2,Snack,electric_scooter,0.0,No,Metropolitian,11,5,2,10.0,0
0x9183,COIMBRES08DEL01,22.0,5.0,11.001852,76.976268,11.011852,76.986268,2022-03-07,1900-01-01 09:55:00,,Sunny,Low,1,Drinks,scooter,0.0,No,Metropolitian,17,-153722867280912928,3,9.0,0
0x4fd0,INDORES19DEL01,30.0,5.0,22.745536,75.893106,22.755536,75.903106,2022-03-17,1900-01-01 09:40:00,1900-01-01 09:45:00,Sunny,Low,2,Drinks,scooter,1.0,No,Metropolitian,19,5,3,9.0,0
0x6cf7,HYDRES12DEL02,36.0,5.0,17.429585,78.392621,17.479585,78.442621,2022-03-09,1900-01-01 23:35:00,1900-01-01 23:40:00,Sunny,Low,2,Drinks,motorcycle,1.0,No,Metropolitian,17,5,3,23.0,0
0x665a,JAPRES18DEL01,36.0,5.0,26.913987,75.752891,26.923987,75.762891,2022-04-05,1900-01-01 09:20:00,1900-01-01 09:35:00,Sunny,Low,1,Meal,motorcycle,1.0,No,Urban,12,15,4,9.0,0
0x48c4,PUNERES03DEL02,34.0,5.0,18.554382,73.798206,18.574382,73.818206,2022-03-05,1900-01-01 08:15:00,1900-01-01 08:30:00,Sunny,Low,1,Snack,scooter,0.0,No,Metropolitian,10,15,3,8.0,0
0xd3c4,BHPRES09DEL02,28.0,5.0,0.0,0.0,0.05,0.05,2022-02-11,1900-01-01 23:30:00,1900-01-01 23:40:00,Sunny,Low,2,Drinks,motorcycle,1.0,No,Metropolitian,22,10,2,23.0,0
0xbda3,MUMRES18DEL03,25.0,5.0,19.1093,72.825451,19.1393,72.855451,2022-03-26,1900-01-01 22:20:00,1900-01-01 22:25:00,Sunny,Low,0,Drinks,motorcycle,0.0,No,Urban,10,5,3,22.0,0
0xd5e7,KNPRES19DEL01,38.0,5.0,26.49095,80.318656,26.50095,80.328656,2022-02-17,1900-01-01 09:40:00,1900-01-01 09:45:00,Sunny,Low,2,Meal,electric_scooter,1.0,No,Urban,11,5,2,9.0,0
0x9f5,MUMRES16DEL02,30.0,5.0,19.120083,72.907385,19.140083,72.927385,2022-03-24,1900-01-01 08:50:00,1900-01-01 09:05:00,Sunny,Low,0,Drinks,motorcycle,1.0,No,Metropolitian,24,15,3,8.0,0
0x57ad,MYSRES09DEL02,29.0,5.0,12.323194,76.630583,12.343194,76.650583,2022-03-24,1900-01-01 09:50:00,1900-01-01 10:05:00,Sunny,Low,1,Drinks,motorcycle,0.0,No,Metropolitian,17,15,3,9.0,0
0x941b,JAPRES20DEL03,37.0,5.0,26.956431,75.776649,27.016431,75.836649,2022-03-07,1900-01-01 23:20:00,1900-01-01 23:35:00,Sunny,Low,1,Snack,motorcycle,1.0,No,Metropolitian,14,15,3,23.0,0
0x82ba,SURRES02DEL02,32.0,5.0,21.186608,72.794136,21.236608,72.844136,2022-03-03,1900-01-01 23:55:00,,Sunny,Low,2,Snack,motorcycle,0.0,No,Metropolitian,14,-153722867280912928,3,23.0,0
0x6b4f,MUMRES13DEL01,31.0,5.0,19.178321,72.834715,19.288321,72.944715,2022-04-04,1900-01-01 23:25:00,1900-01-01 23:40:00,Sunny,Low,2,Meal,electric_scooter,0.0,No,Metropolitian,23,15,4,23.0,0
0x85e5,BANGRES02DEL02,30.0,5.0,12.970221,77.645396,12.990221,77.665396,2022-03-24,1900-01-01 09:55:00,1900-01-01 10:10:00,Sunny,Low,0,Drinks,motorcycle,0.0,No,Urban,20,15,3,9.0,0
0xbdc1,BANGRES20DEL03,24.0,5.0,12.972161,77.596014,13.032161,77.656014,2022-03-09,1900-01-01 23:30:00,1900-01-01 23:45:00,Sunny,Low,2,Drinks,electric_scooter,0.0,No,Metropolitian,22,15,3,23.0,0
0x99a4,MYSRES08DEL01,29.0,5.0,12.297954,76.665169,12.307954,76.675169,2022-03-21,1900-01-01 08:20:00,1900-01-01 08:35:00,Sunny,Low,0,Drinks,motorcycle,1.0,No,Urban,18,15,3,8.0,0
0x5c17,VADRES03DEL02,36.0,5.0,22.32,73.17,22.34,73.19,2022-03-05,1900-01-01 08:15:00,1900-01-01 08:25:00,Sunny,Low,1,Buffet,scooter,0.0,No,Metropolitian,12,10,3,8.0,0
0x4b89,INDORES03DEL03,31.0,5.0,22.751857,75.866699,22.811857,75.926699,2022-03-28,1900-01-01 23:20:00,1900-01-01 23:35:00,Sunny,Low,1,Buffet,scooter,1.0,No,Metropolitian,14,15,3,23.0,0
0x15ba,COIMBRES17DEL03,30.0,5.0,11.026117,76.944652,11.086117,77.004652,2022-03-17,1900-01-01 23:50:00,1900-01-01 23:55:00,Sunny,Low,0,Buffet,motorcycle,1.0,No,Metropolitian,20,5,3,23.0,0
0x3e29,CHENRES16DEL01,35.0,5.0,13.049645,80.242268,13.059645,80.252268,2022-03-13,,1900-01-01 11:10:00,Sunny,Low,0,Drinks,motorcycle,1.0,No,Metropolitian,29,-153722867280912928,3,,0
0x7216,VADRES18DEL02,29.0,5.0,0.0,0.0,0.02,0.02,2022-03-13,1900-01-01 08:25:00,1900-01-01 08:30:00,Sunny,Low,0,Meal,motorcycle,0.0,No,Urban,12,5,3,8.0,0
0x9c24,SURRES18DEL03,34.0,5.0,21.149834,72.778666,21.179834,72.808666,2022-04-03,1900-01-01 22:10:00,1900-01-01 22:20:00,Sunny,Low,2,Buffet,scooter,1.0,No,Metropolitian,18,10,4,22.0,0
0x907a,JAPRES04DEL02,23.0,5.0,26.902328,75.794257,26.922328,75.814257,2022-03-21,1900-01-01 08:10:00,1900-01-01 08:15:00,Sunny,Low,1,Drinks,motorcycle,1.0,No,Metropolitian,20,5,3,8.0,0
0xd631,DEHRES18DEL03,36.0,5.0,0.0,0.0,0.06,0.06,2022-02-17,1900-01-01 22:25:00,1900-01-01 22:30:00,Sunny,Low,1,Meal,motorcycle,0.0,No,Metropolitian,17,5,2,22.0,0
0x41cb,CHENRES07DEL01,33.0,5.0,13.081878,80.248519,13.151878,80.318519,2022-03-16,1900-01-01 22:10:00,1900-01-01 22:20:00,Sunny,Low,0,Meal,motorcycle,1.0,No,Metropolitian,25,10,3,22.0,0
0xac7b,COIMBRES17DEL01,21.0,5.0,11.026117,76.944652,11.096117,77.014652,2022-03-20,1900-01-01 22:45:00,1900-01-01 22:55:00,Sunny,Low,0,Drinks,motorcycle,1.0,No,Metropolitian,25,10,3,22.0,0
